name,ext,role,strategies,channel,msg_id,url
! Round +1.mq4,.mq4,unclassified,,MQL5Activations,19781,https://t.me/MQL5Activations/19781
! 222 +1.mq4,.mq4,unclassified,,MQL5Activations,19771,https://t.me/MQL5Activations/19771
! FX + 1.mq4,.mq4,unclassified,,MQL5Activations,19782,https://t.me/MQL5Activations/19782
! serjGraal 2.mq4,.mq4,unclassified,,MQL5Activations,19758,https://t.me/MQL5Activations/19758
! serjGraal.mq4,.mq4,unclassified,,MQL5Activations,19759,https://t.me/MQL5Activations/19759
! AlgaPater +1.mq4,.mq4,unclassified,,MQL5Activations,19784,https://t.me/MQL5Activations/19784
! на график forex30 + Rewers.mq4,.mq4,unclassified,,MQL5Activations,19766,https://t.me/MQL5Activations/19766
! Coral@LifeInDreamsWorld.mq4,.mq4,unclassified,,MQL5Activations,21143,https://t.me/MQL5Activations/21143
! Indicador_TV_to_MT4 (mtf).mq4,.mq4,indicator,,MQL5Activations,19247,https://t.me/MQL5Activations/19247
! rsx nrp coronforex (arrows).mq4,.mq4,indicator,,MQL5Activations,19590,https://t.me/MQL5Activations/19590
! SBNR Arrows 2 NEW.mq4,.mq4,indicator,,MQL5Activations,18514,https://t.me/MQL5Activations/18514
! volatility ratio heatmap@LifeInDreamsWorld.ex4,.ex4,indicator,,MQL5Activations,20677,https://t.me/MQL5Activations/20677
! Volatility ratio@LifeInDreamsWorld.mq4,.mq4,unclassified,,MQL5Activations,20676,https://t.me/MQL5Activations/20676
! Zee_arrzzx2__alerts_1.03.mq4,.mq4,unclassified,,MQL5Activations,18680,https://t.me/MQL5Activations/18680
! ZeroVertical.mq4,.mq4,unclassified,,MQL5Activations,19535,https://t.me/MQL5Activations/19535
!!! Impulse System for MT4 @indicatorsmt5mt4.zip,.zip,indicator,,MQL5Activations,20021,https://t.me/MQL5Activations/20021
!!!!!_V_.mq4,.mq4,unclassified,,MQL5Activations,19833,https://t.me/MQL5Activations/19833
!!!-MT4 X-TMA CHANNEL-01 button.mq4,.mq4,indicator,trend_following,MQL5Activations,18956,https://t.me/MQL5Activations/18956
!!!-MT4_123 TRIANGLES v1.2.mq4,.mq4,unclassified,,MQL5Activations,18997,https://t.me/MQL5Activations/18997
!!!_2020_Auto_W.D._GANN_@LifeInDreamsWorld.ex4,.ex4,indicator,,MQL5Activations,20679,https://t.me/MQL5Activations/20679
!!!_2020_Auto_W.D._GANN_Zones_v6.ex4,.ex4,indicator,,MQL5Activations,20611,https://t.me/MQL5Activations/20611
!!!_2020_Auto_W_D_GANN_Zones_v6@LifeInDreamsWorld_2.ex4,.ex4,indicator,,MQL5Activations,20698,https://t.me/MQL5Activations/20698
!!lowpassfilter_v1 mtf.mq4,.mq4,unclassified,,MQL5Activations,18800,https://t.me/MQL5Activations/18800
!!lukas arrows and curves mtf + alerts.mq4,.mq4,indicator,,MQL5Activations,18867,https://t.me/MQL5Activations/18867
!!OrderBlocks 1.03 (mtf)@LifeInDreamsWorld.ex4,.ex4,unclassified,grid,MQL5Activations,21148,https://t.me/MQL5Activations/21148
!!TDI Red_Green (mtf + alerts +arrows + label).mq4,.mq4,indicator,,MQL5Activations,18784,https://t.me/MQL5Activations/18784
!--BB BuySell Zone.mq4,.mq4,unclassified,,MQL5Activations,18860,https://t.me/MQL5Activations/18860
!--MH Arrow Signals.mq4,.mq4,indicator,,MQL5Activations,18857,https://t.me/MQL5Activations/18857
!--RX5-Bars.mq4,.mq4,unclassified,,MQL5Activations,18859,https://t.me/MQL5Activations/18859
![Script] Calculate Trendline.mq4,.mq4,indicator,trend_following,MQL5Activations,18735,https://t.me/MQL5Activations/18735
![Script] Hide Trendline.mq4,.mq4,indicator,trend_following,MQL5Activations,18736,https://t.me/MQL5Activations/18736
!_freeRSI_+_averages_histo_mtf_+_alerts_+_arrows@LifeInDreamsWorld.ex4,.ex4,indicator,,MQL5Activations,21204,https://t.me/MQL5Activations/21204
!_super-signals_v2.mq4,.mq4,indicator,,MQL5Activations,19475,https://t.me/MQL5Activations/19475
!AutoRefresh.mq4,.mq4,unclassified,,MQL5Activations,19396,https://t.me/MQL5Activations/19396
!BullsEye_Forecaster_V1.0.mq4,.mq4,unclassified,,MQL5Activations,18890,https://t.me/MQL5Activations/18890
!BullsEye_Forecaster_V1.0@LifeInDreamsWorld.mq4,.mq4,unclassified,,MQL5Activations,20797,https://t.me/MQL5Activations/20797
!CHT_Value_chart_v2.5.3 (1).mq4,.mq4,unclassified,,MQL5Activations,18902,https://t.me/MQL5Activations/18902
!FPM ARROWS.mq4,.mq4,indicator,,MQL5Activations,18500,https://t.me/MQL5Activations/18500
!Kevinator v2.ex4,.ex4,unclassified,,MQL5Activations,20687,https://t.me/MQL5Activations/20687
!koral.mq4,.mq4,unclassified,,MQL5Activations,19187,https://t.me/MQL5Activations/19187
!Overdraft_Profit_System2_v0@LifeInDreamsWorld.mq4,.mq4,unclassified,,MQL5Activations,20916,https://t.me/MQL5Activations/20916
!SIGNAL.zip,.zip,indicator,,MQL5Activations,20825,https://t.me/MQL5Activations/20825
!X-UK.NMA.4.mq4,.mq4,unclassified,,MQL5Activations,18638,https://t.me/MQL5Activations/18638
!XPS v8 FILTER.mq4,.mq4,unclassified,,MQL5Activations,18813,https://t.me/MQL5Activations/18813
!XPS v8 GANN SSL 4HR.mq4,.mq4,indicator,,MQL5Activations,18814,https://t.me/MQL5Activations/18814
!XPS v8 GANN SSL.mq4,.mq4,indicator,,MQL5Activations,18815,https://t.me/MQL5Activations/18815
!Дивергенция.mq4,.mq4,unclassified,,MQL5Activations,19801,https://t.me/MQL5Activations/19801
!Наибольший_объём_и_средний_размер_тел_свечей.mq4,.mq4,unclassified,,MQL5Activations,19800,https://t.me/MQL5Activations/19800
!Фракталы.mq4,.mq4,unclassified,,MQL5Activations,19799,https://t.me/MQL5Activations/19799
# BuySell_Filter.mq4,.mq4,unclassified,,MQL5Activations,18466,https://t.me/MQL5Activations/18466
##Contrast-mtf.mq4,.mq4,unclassified,,MQL5Activations,19705,https://t.me/MQL5Activations/19705
##Scalp_Assistant_.mq4,.mq4,expert_ea,scalping,MQL5Activations,18801,https://t.me/MQL5Activations/18801
#00FX_Sniper's_LSMA.mq4,.mq4,unclassified,,MQL5Activations,18683,https://t.me/MQL5Activations/18683
#4X Bheurekso Pattern 4.01_01.mq4,.mq4,unclassified,,MQL5Activations,20726,https://t.me/MQL5Activations/20726
#4X Bheurekso Pattern.ex5,.ex5,unclassified,,MQL5Activations,20636,https://t.me/MQL5Activations/20636
#i-Targets.mq4,.mq4,unclassified,,MQL5Activations,18850,https://t.me/MQL5Activations/18850
#LURCH_SRv5.mq4,.mq4,unclassified,,MQL5Activations,19852,https://t.me/MQL5Activations/19852
#MTF Stochastic v2.0.mq4,.mq4,unclassified,,MQL5Activations,19733,https://t.me/MQL5Activations/19733
#MTF_PSar.mq4,.mq4,unclassified,,MQL5Activations,19095,https://t.me/MQL5Activations/19095
#SHI_Channel_trueRed(Bullforyou.com).mq4,.mq4,indicator,,MQL5Activations,19137,https://t.me/MQL5Activations/19137
#Stochastic_Cross_Alert_SigOverlayM_cw.mq4,.mq4,unclassified,,MQL5Activations,19875,https://t.me/MQL5Activations/19875
#TPO-Cv2 button.mq4,.mq4,panel_dashboard,,MQL5Activations,19698,https://t.me/MQL5Activations/19698
#VOLUME WAVE CORE alert_v1.mq4,.mq4,unclassified,,MQL5Activations,18988,https://t.me/MQL5Activations/18988
$$$_Westernpips_Newest_PRO_3_7_Exclusive_Classic1.mq4,.mq4,unclassified,,MQL5Activations,19342,https://t.me/MQL5Activations/19342
$$Nice Value Chart 1.0.mq4,.mq4,unclassified,,MQL5Activations,19813,https://t.me/MQL5Activations/19813
$_CC_Cloud_2@LifeInDreamsWorld.ex4,.ex4,unclassified,,MQL5Activations,21147,https://t.me/MQL5Activations/21147
$uperArrowIndicator-___Last (e).mq4,.mq4,indicator,,MQL5Activations,18768,https://t.me/MQL5Activations/18768
%Fibo-Res-Sup.mq4,.mq4,indicator,,MQL5Activations,19125,https://t.me/MQL5Activations/19125
(B) DSS Bressert (1).mq4,.mq4,unclassified,,MQL5Activations,19043,https://t.me/MQL5Activations/19043
(INFINITY).zip,.zip,unclassified,,MQL5Activations,20885,https://t.me/MQL5Activations/20885
(T_S_R)-Signal Line.mq4,.mq4,indicator,,MQL5Activations,18904,https://t.me/MQL5Activations/18904
005.ex4,.ex4,unclassified,,MQL5Activations,20902,https://t.me/MQL5Activations/20902
0_-_CAMARILLA_ZONES_02.mq4,.mq4,unclassified,,MQL5Activations,18826,https://t.me/MQL5Activations/18826
1-2-3_forCodeBase_v01.mq4,.mq4,unclassified,,MQL5Activations,18524,https://t.me/MQL5Activations/18524
1-Retracement Finder1.ex4,.ex4,unclassified,,MQL5Activations,20684,https://t.me/MQL5Activations/20684
10.1 Daily S&R Daily.mq4,.mq4,unclassified,,MQL5Activations,19869,https://t.me/MQL5Activations/19869
10.2 TMA slope v.1.4B 4.30.mq4,.mq4,indicator,trend_following,MQL5Activations,18704,https://t.me/MQL5Activations/18704
10.2 TMA True Slope NT v7.13 TT.mq4,.mq4,indicator,trend_following,MQL5Activations,19725,https://t.me/MQL5Activations/19725
1000pips Medium.mq4,.mq4,unclassified,,MQL5Activations,19011,https://t.me/MQL5Activations/19011
123PatternsV6.03 & mtf nmc alerts bt.mq4,.mq4,unclassified,,MQL5Activations,19595,https://t.me/MQL5Activations/19595
123PatternsV6.03 _amp_ mtf nmc.mq4,.mq4,unclassified,,MQL5Activations,19047,https://t.me/MQL5Activations/19047
123PatternsV6.mq4,.mq4,unclassified,,MQL5Activations,19767,https://t.me/MQL5Activations/19767
123PatternsV7 Alerts_Mod.mq4,.mq4,unclassified,,MQL5Activations,18774,https://t.me/MQL5Activations/18774
13-candles [Platoon].mq4,.mq4,unclassified,,MQL5Activations,19151,https://t.me/MQL5Activations/19151
1barreversal.mq4,.mq4,indicator,mean_reversion,MQL5Activations,19040,https://t.me/MQL5Activations/19040
1Veritech-2.mq4,.mq4,unclassified,,MQL5Activations,18830,https://t.me/MQL5Activations/18830
1x5 warning system.mq4,.mq4,unclassified,,MQL5Activations,19222,https://t.me/MQL5Activations/19222
2 Moving Average Signal.mq4,.mq4,indicator,trend_following,MQL5Activations,19729,https://t.me/MQL5Activations/19729
20-TM555.mq4,.mq4,unclassified,scalping,MQL5Activations,19420,https://t.me/MQL5Activations/19420
23tpo-cv4.mq4,.mq4,unclassified,,MQL5Activations,19457,https://t.me/MQL5Activations/19457
2CCI_ZeroCross_Alert.mq4,.mq4,unclassified,,MQL5Activations,19056,https://t.me/MQL5Activations/19056
2ich Disparity Ichimoku TT.mq4,.mq4,unclassified,,MQL5Activations,18662,https://t.me/MQL5Activations/18662
3 MA Cross w_Alert v2.mq4,.mq4,unclassified,trend_following,MQL5Activations,19464,https://t.me/MQL5Activations/19464
3 POD 1.mq4,.mq4,unclassified,,MQL5Activations,18686,https://t.me/MQL5Activations/18686
3 POD 2.mq4,.mq4,unclassified,,MQL5Activations,18687,https://t.me/MQL5Activations/18687
3 RSI adaptive EMAs alerts + lines + arrows.mq4,.mq4,indicator,,MQL5Activations,18783,https://t.me/MQL5Activations/18783
3 Tier London Breakout V.3.3b.mq4,.mq4,unclassified,breakout,MQL5Activations,19242,https://t.me/MQL5Activations/19242
3-Auto-Regression-Channel-Indicator.mq4,.mq4,indicator,,MQL5Activations,18938,https://t.me/MQL5Activations/18938
3-in-a-row-trend_ride_mtf_alerts_nmc_1.02-1.mq4,.mq4,indicator,trend_following,MQL5Activations,19834,https://t.me/MQL5Activations/19834
3-in-a-row-trend_ride_mtf_alerts_nmc_1.02.mq4,.mq4,indicator,trend_following,MQL5Activations,19836,https://t.me/MQL5Activations/19836
3.22STOCH7wHTSTOCH2 Alert.mq4,.mq4,unclassified,,MQL5Activations,18940,https://t.me/MQL5Activations/18940
30_Mashek(BT).mq4,.mq4,unclassified,,MQL5Activations,19428,https://t.me/MQL5Activations/19428
31-TM555.mq4,.mq4,unclassified,scalping,MQL5Activations,19424,https://t.me/MQL5Activations/19424
31_Level_ZZ_Semafor.mq4,.mq4,unclassified,,MQL5Activations,19804,https://t.me/MQL5Activations/19804
3_Level_ZZ_Semafor.mq4,.mq4,unclassified,,MQL5Activations,19803,https://t.me/MQL5Activations/19803
3Auto_Targets.mq4,.mq4,unclassified,,MQL5Activations,18669,https://t.me/MQL5Activations/18669
3c JRSX_OB_OS Suite (mtf + arrows).mq4,.mq4,indicator,,MQL5Activations,19508,https://t.me/MQL5Activations/19508
3c_JRSX_H.mq4,.mq4,unclassified,,MQL5Activations,18611,https://t.me/MQL5Activations/18611
3colormacd.mq4,.mq4,indicator,,MQL5Activations,19657,https://t.me/MQL5Activations/19657
3rdCandle.mq4,.mq4,unclassified,,MQL5Activations,18758,https://t.me/MQL5Activations/18758
4 TF Heiken Ashi Arrows.mq4,.mq4,indicator,,MQL5Activations,18922,https://t.me/MQL5Activations/18922
4 time frame asctrend.mq4,.mq4,indicator,trend_following,MQL5Activations,18510,https://t.me/MQL5Activations/18510
444.mq4,.mq4,unclassified,,MQL5Activations,19736,https://t.me/MQL5Activations/19736
4_5981262380867262581.zip,.zip,unclassified,,MQL5Activations,20180,https://t.me/MQL5Activations/20180
4X-PREDICTOR.mq4,.mq4,unclassified,,MQL5Activations,18507,https://t.me/MQL5Activations/18507
4xPIP Best Volume Profile Indicator@LifeInDreamsWorld.zip,.zip,indicator,,MQL5Activations,20894,https://t.me/MQL5Activations/20894
4xpip-Quantum-Pro MT4.zip,.zip,unclassified,ai_ml,MQL5Activations,19993,https://t.me/MQL5Activations/19993
4xpip-Quantum-Pro.ex4,.ex4,unclassified,ai_ml,MQL5Activations,20033,https://t.me/MQL5Activations/20033
54_Search_patterns.mq4,.mq4,unclassified,,MQL5Activations,19037,https://t.me/MQL5Activations/19037
60s Master.v3.mq4,.mq4,unclassified,,MQL5Activations,19427,https://t.me/MQL5Activations/19427
60s-binary-sto.mq4,.mq4,unclassified,,MQL5Activations,18767,https://t.me/MQL5Activations/18767
8 candles tarwada 02 Alert.mq4,.mq4,unclassified,,MQL5Activations,19153,https://t.me/MQL5Activations/19153
8 candles tarwada 03.mq4,.mq4,unclassified,,MQL5Activations,19149,https://t.me/MQL5Activations/19149
8 candles tarwada Trendy.mq4,.mq4,indicator,trend_following,MQL5Activations,19150,https://t.me/MQL5Activations/19150
88-filter.mq4,.mq4,unclassified,,MQL5Activations,19390,https://t.me/MQL5Activations/19390
88_filter_mod-m.mq4,.mq4,unclassified,,MQL5Activations,19391,https://t.me/MQL5Activations/19391
9 in 20 MA.mq4,.mq4,unclassified,,MQL5Activations,19227,https://t.me/MQL5Activations/19227
930 MQ4 EA FILE PACK.zip,.zip,expert_ea,,MQL5Activations,19358,https://t.me/MQL5Activations/19358
@4X ArrZZ.mq4,.mq4,unclassified,,MQL5Activations,18717,https://t.me/MQL5Activations/18717
@HirosiMA 2.mq4,.mq4,unclassified,trend_following,MQL5Activations,18718,https://t.me/MQL5Activations/18718
@HirosiMA.mq4,.mq4,unclassified,,MQL5Activations,18719,https://t.me/MQL5Activations/18719
[11]Color RSI with allert.mq4,.mq4,indicator,,MQL5Activations,19097,https://t.me/MQL5Activations/19097
[FXI]TrendFinder.mq4,.mq4,indicator,trend_following,MQL5Activations,19786,https://t.me/MQL5Activations/19786
[fxssi.com]_Support_and_Resistance_v1.07 (2).zip,.zip,unclassified,,MQL5Activations,20027,https://t.me/MQL5Activations/20027
[i] MACD Crossover Signal.mq4,.mq4,indicator,,MQL5Activations,19128,https://t.me/MQL5Activations/19128
[i]RSI_MACD_MA_Ron_01.mq4,.mq4,indicator,,MQL5Activations,19218,https://t.me/MQL5Activations/19218
[IC] Range Breakout EA.zip,.zip,expert_ea,breakout,MQL5Activations,20031,https://t.me/MQL5Activations/20031
[ORT] Supply Demand v3 button.ex4,.ex4,indicator,,MQL5Activations,20124,https://t.me/MQL5Activations/20124
^-^ WC_NLR_LRC.mq4,.mq4,unclassified,,MQL5Activations,19453,https://t.me/MQL5Activations/19453
^X_ParabolicRegression_StopAndReverse.mq4,.mq4,unclassified,,MQL5Activations,19251,https://t.me/MQL5Activations/19251
__channeluonsparabolicusar.mq4,.mq4,indicator,,MQL5Activations,18620,https://t.me/MQL5Activations/18620
_Correlation IND CHARTlite.mq4,.mq4,unclassified,,MQL5Activations,19028,https://t.me/MQL5Activations/19028
_Correlation IND HSTlite.mq4,.mq4,unclassified,,MQL5Activations,19029,https://t.me/MQL5Activations/19029
_EA_eurusd m15.mq4,.mq4,unclassified,scalping,MQL5Activations,18667,https://t.me/MQL5Activations/18667
_ICT MarketStructure~.mq4,.mq4,unclassified,,MQL5Activations,19430,https://t.me/MQL5Activations/19430
_ICT Order blocks( with adr).ex4,.ex4,unclassified,grid,MQL5Activations,20767,https://t.me/MQL5Activations/20767
_iGDR_FL(1)@LifeInDreamsWorld.ex4,.ex4,unclassified,,MQL5Activations,21146,https://t.me/MQL5Activations/21146
_iGDR_FL(1)@LifeInDreamsWorld.mq4,.mq4,unclassified,,MQL5Activations,21145,https://t.me/MQL5Activations/21145
_Stoch_Points mtf.mq4,.mq4,unclassified,,MQL5Activations,19794,https://t.me/MQL5Activations/19794
A Hanafy5.mq4,.mq4,unclassified,,MQL5Activations,19568,https://t.me/MQL5Activations/19568
AA_MTF_RSIOMA_Line V1.02.mq4,.mq4,indicator,,MQL5Activations,18699,https://t.me/MQL5Activations/18699
AB_gor_obem.mq4,.mq4,unclassified,,MQL5Activations,19762,https://t.me/MQL5Activations/19762
AB_MarketProfile.mq4,.mq4,unclassified,,MQL5Activations,19763,https://t.me/MQL5Activations/19763
ABHAFXS_Timing2@LifeInDreamsWorld.mq4,.mq4,unclassified,,MQL5Activations,20665,https://t.me/MQL5Activations/20665
absolutelynolaglwma -2.mq4,.mq4,unclassified,trend_following,MQL5Activations,19077,https://t.me/MQL5Activations/19077
ABT 5-15M Experienced Traders only@LifeInDreamsWorld.zip,.zip,unclassified,,MQL5Activations,20997,https://t.me/MQL5Activations/20997
ACBB.mq4,.mq4,unclassified,,MQL5Activations,19843,https://t.me/MQL5Activations/19843
Accelerator MT4 indicator @LifeInDreamsWorld.zip,.zip,indicator,,MQL5Activations,20943,https://t.me/MQL5Activations/20943
Accelerator_LSMA_v2@LifeInDreamsWorld.mq4,.mq4,unclassified,,MQL5Activations,21080,https://t.me/MQL5Activations/21080
ADAM for FTMO 4 v5.25_fix_1420.ex4,.ex4,unclassified,,MQL5Activations,19926,https://t.me/MQL5Activations/19926
Adapt EA_fix.ex4,.ex4,expert_ea,,MQL5Activations,18451,https://t.me/MQL5Activations/18451
Adenan Scalping(1).mq4,.mq4,expert_ea,scalping,MQL5Activations,20966,https://t.me/MQL5Activations/20966
Adenan Scalping.mq4,.mq4,expert_ea,scalping,MQL5Activations,19091,https://t.me/MQL5Activations/19091
Admiral High-Low MT4 indicator @indicatorsmt5mt4.zip,.zip,indicator,,MQL5Activations,20022,https://t.me/MQL5Activations/20022
ADR Fibo 1.02 BT@LifeInDreamsWorld.mq4,.mq4,indicator,,MQL5Activations,21084,https://t.me/MQL5Activations/21084
ADR.mq4,.mq4,unclassified,,MQL5Activations,18661,https://t.me/MQL5Activations/18661
Advanced Hedge MT4_fix.ex4,.ex4,unclassified,grid,MQL5Activations,20859,https://t.me/MQL5Activations/20859
advanced Scalper V1.58 MT4 by @AutoTraderz.zip,.zip,expert_ea,scalping,MQL5Activations,20194,https://t.me/MQL5Activations/20194
Advanced Scalper v1.58_fix_1420.ex4,.ex4,expert_ea,scalping,MQL5Activations,19950,https://t.me/MQL5Activations/19950
AdvancedParabolic_v2.2.mq4,.mq4,unclassified,,MQL5Activations,18921,https://t.me/MQL5Activations/18921
ADX (2).mq4,.mq4,unclassified,,MQL5Activations,20065,https://t.me/MQL5Activations/20065
adx trend (mtf + arrows + alerts).ex4,.ex4,indicator,trend_following,MQL5Activations,20126,https://t.me/MQL5Activations/20126
ADX-STOCHhisto-AWESOME.mq4,.mq4,unclassified,,MQL5Activations,18676,https://t.me/MQL5Activations/18676
ADX. alert play blue 5.mq4,.mq4,unclassified,,MQL5Activations,19637,https://t.me/MQL5Activations/19637
adx.lucki@LifeInDreamsWorld.mq4,.mq4,unclassified,,MQL5Activations,21082,https://t.me/MQL5Activations/21082
adx.mq5,.mq5,unclassified,,MQL5Activations,20066,https://t.me/MQL5Activations/20066
ADX_Crossing_Level_Alert.mq4,.mq4,unclassified,,MQL5Activations,19639,https://t.me/MQL5Activations/19639
ADXcrossesNon-repainting MT4 indicator @indicatorsmt5mt4.zip,.zip,indicator,,MQL5Activations,20011,https://t.me/MQL5Activations/20011
ADXcrossesNon-repainting.mq4,.mq4,unclassified,,MQL5Activations,19809,https://t.me/MQL5Activations/19809
AF-DR.Scalper Pro+ Final@LifeInDreamsWorld.ex4,.ex4,expert_ea,scalping,MQL5Activations,20907,https://t.me/MQL5Activations/20907
af-global.zip,.zip,unclassified,,MQL5Activations,20932,https://t.me/MQL5Activations/20932
afl-winner-indicator.mq4,.mq4,indicator,,MQL5Activations,19429,https://t.me/MQL5Activations/19429
afl_winner.mq4,.mq4,unclassified,,MQL5Activations,18612,https://t.me/MQL5Activations/18612
afstar-indicator.mq4,.mq4,indicator,,MQL5Activations,18828,https://t.me/MQL5Activations/18828
AGI EA MT4 v1.1_fix_1420.ex4,.ex4,expert_ea,,MQL5Activations,19912,https://t.me/MQL5Activations/19912
AGI_X2_fix_1420.ex4,.ex4,unclassified,,MQL5Activations,19898,https://t.me/MQL5Activations/19898
AI Gen XII 1.9 .ex4,.ex4,unclassified,ai_ml,MQL5Activations,20098,https://t.me/MQL5Activations/20098
AI Gen XII EA v 1.6.mq4,.mq4,expert_ea,ai_ml,MQL5Activations,20994,https://t.me/MQL5Activations/20994
AI Gen XII EA V1.6 MT4 (1420).zip,.zip,expert_ea,ai_ml,MQL5Activations,20865,https://t.me/MQL5Activations/20865
AI Gen XII EA-V2.6-fix@LifeInDreamsWorld.ex4,.ex4,expert_ea,ai_ml,MQL5Activations,20938,https://t.me/MQL5Activations/20938
AI Gen XII EA.ex5,.ex5,expert_ea,ai_ml,MQL5Activations,21036,https://t.me/MQL5Activations/21036
AI Gen XII EA.mq4,.mq4,expert_ea,ai_ml,MQL5Activations,20099,https://t.me/MQL5Activations/20099
AI Gen XII MT4.ex4,.ex4,unclassified,ai_ml,MQL5Activations,18411,https://t.me/MQL5Activations/18411
AI Gen XII MT4_2.71_fix@LifeInDreamsWorld.ex4,.ex4,unclassified,ai_ml,MQL5Activations,20940,https://t.me/MQL5Activations/20940
AI Gen XII MT4_2.8_fix@LifeInDreamsWorld.ex4,.ex4,unclassified,ai_ml,MQL5Activations,20939,https://t.me/MQL5Activations/20939
AI Gen XII MT4_2.9_fix@LifeInDreamsWorld.ex4,.ex4,unclassified,ai_ml,MQL5Activations,20941,https://t.me/MQL5Activations/20941
AI Gen XII v2.3 MT4 1421.ex4,.ex4,unclassified,ai_ml,MQL5Activations,20043,https://t.me/MQL5Activations/20043
Ai Gen-Milenial.ex4,.ex4,unclassified,ai_ml,MQL5Activations,20745,https://t.me/MQL5Activations/20745
Ai Gen-Z.ex4,.ex4,unclassified,ai_ml,MQL5Activations,20743,https://t.me/MQL5Activations/20743
AI Golden Jet Fighter GTX MT4 v1.71@LifeInDreamsWorld.ex4,.ex4,unclassified,ai_ml,MQL5Activations,20925,https://t.me/MQL5Activations/20925
Ai King EA MT4.ex4,.ex4,expert_ea,ai_ml,MQL5Activations,21047,https://t.me/MQL5Activations/21047
AI NeuroX EA MT4 v1.9_fix.zip,.zip,expert_ea,ai_ml,MQL5Activations,21138,https://t.me/MQL5Activations/21138
AI NeuroX EA MT4 v1.9_fix@LifeInDreamsWorld.ex4,.ex4,expert_ea,ai_ml,MQL5Activations,21183,https://t.me/MQL5Activations/21183
AI NoX EA MT4 V1.1 BRAVUSFX.ex4,.ex4,expert_ea,ai_ml,MQL5Activations,21038,https://t.me/MQL5Activations/21038
AI SCALPER Full .ex4,.ex4,expert_ea,scalping|ai_ml,MQL5Activations,21121,https://t.me/MQL5Activations/21121
AI SCALPER Full @LifeInDreamsWorld.ex4,.ex4,expert_ea,scalping|ai_ml,MQL5Activations,21149,https://t.me/MQL5Activations/21149
AI TradingVision GPX EA_fix_1420.ex4,.ex4,expert_ea,ai_ml,MQL5Activations,19983,https://t.me/MQL5Activations/19983
AI TREND BOOSTER MT4.zip,.zip,indicator,trend_following|ai_ml,MQL5Activations,21113,https://t.me/MQL5Activations/21113
AI TUNE MT5 EA.ex5,.ex5,expert_ea,ai_ml,MQL5Activations,21130,https://t.me/MQL5Activations/21130
AI TUNE MT5 EA.zip,.zip,expert_ea,ai_ml,MQL5Activations,21131,https://t.me/MQL5Activations/21131
AI ZONE RECOVERY EA.ex4,.ex4,expert_ea,ai_ml,MQL5Activations,20192,https://t.me/MQL5Activations/20192
Ai+I EA.mq4,.mq4,expert_ea,,MQL5Activations,19382,https://t.me/MQL5Activations/19382
AI_Golden_Jet_Fighter_GTX_MT4_v1_71 @SoftechFX_Robot.zip,.zip,expert_ea,ai_ml,MQL5Activations,20929,https://t.me/MQL5Activations/20929
Ailopiyu MT4.ex4,.ex4,unclassified,,MQL5Activations,19888,https://t.me/MQL5Activations/19888
Ailopiyu MT4.zip,.zip,unclassified,,MQL5Activations,19991,https://t.me/MQL5Activations/19991
Ailopiyu MT4@LifeInDreamsWorld.ex4,.ex4,unclassified,,MQL5Activations,20808,https://t.me/MQL5Activations/20808
ain-dicad-ormry3.mq4,.mq4,unclassified,,MQL5Activations,19217,https://t.me/MQL5Activations/19217
AIO Divergence.mq4,.mq4,indicator,,MQL5Activations,18515,https://t.me/MQL5Activations/18515
Akif_Market_Statistics_Drag_v6_NoExpire.mq4,.mq4,unclassified,,MQL5Activations,19545,https://t.me/MQL5Activations/19545
Alert RSI.ex4,.ex4,indicator,,MQL5Activations,21021,https://t.me/MQL5Activations/21021
Alexander Pepe.ex4,.ex4,unclassified,,MQL5Activations,20638,https://t.me/MQL5Activations/20638
Alexander Pepe.ex5,.ex5,unclassified,,MQL5Activations,20639,https://t.me/MQL5Activations/20639
Alexander Pepe@LifeInDreamsWorld.ex4,.ex4,unclassified,,MQL5Activations,20702,https://t.me/MQL5Activations/20702
Alexander Pepe@LifeInDreamsWorld.ex5,.ex5,unclassified,,MQL5Activations,20704,https://t.me/MQL5Activations/20704
Algo 2.0 GOLD New @SoftechFX_Robot (1).ex4,.ex4,expert_ea,,MQL5Activations,20633,https://t.me/MQL5Activations/20633
Algo 2.0 GOLD New Update.ex4,.ex4,unclassified,,MQL5Activations,20615,https://t.me/MQL5Activations/20615
Algo 2.0 GOLD New Update@LifeInDreamsWorld.ex4,.ex4,unclassified,,MQL5Activations,20807,https://t.me/MQL5Activations/20807
Algo 2.0 GOLD New.ex4,.ex4,unclassified,,MQL5Activations,20897,https://t.me/MQL5Activations/20897
Algo Pro Bot 2.0 (1).ex5,.ex5,expert_ea,,MQL5Activations,20103,https://t.me/MQL5Activations/20103
Algo Samurai.mq4,.mq4,unclassified,,MQL5Activations,19194,https://t.me/MQL5Activations/19194
Algo Samurai.zip,.zip,unclassified,,MQL5Activations,20094,https://t.me/MQL5Activations/20094
AlgoScalpPro_2.6_Update@LifeInDreamsWorld.ex4,.ex4,expert_ea,scalping,MQL5Activations,21003,https://t.me/MQL5Activations/21003
AlgoTradingNightEA [EURUSD][M5]@LifeInDreamsWorld.ex4,.ex4,expert_ea,scalping,MQL5Activations,20846,https://t.me/MQL5Activations/20846
Aliev FX Volumes (e3) (3).mq4,.mq4,unclassified,,MQL5Activations,19462,https://t.me/MQL5Activations/19462
Aliev FX Volumes (e3).mq4,.mq4,unclassified,,MQL5Activations,19438,https://t.me/MQL5Activations/19438
All Pivot Points.mq4,.mq4,indicator,,MQL5Activations,19511,https://t.me/MQL5Activations/19511
All_usd_pair[1]@LifeInDreamsWorld.mq4,.mq4,unclassified,,MQL5Activations,20664,https://t.me/MQL5Activations/20664
AllClusterFilter_v1.1 600+.mq4,.mq4,unclassified,,MQL5Activations,18790,https://t.me/MQL5Activations/18790
AllHullMA_v3.4 600+.mq4,.mq4,unclassified,,MQL5Activations,18998,https://t.me/MQL5Activations/18998
Alligator_Signal_Expert_V3@LifeInDreamsWorld.mq4,.mq4,expert_ea,,MQL5Activations,21049,https://t.me/MQL5Activations/21049
AllKDJ_v1.0 600+.mq4,.mq4,unclassified,,MQL5Activations,18991,https://t.me/MQL5Activations/18991
AllSpearman_v1.0 600+.mq4,.mq4,unclassified,,MQL5Activations,19060,https://t.me/MQL5Activations/19060
ALPHA GOLD MXX.ex4,.ex4,unclassified,,MQL5Activations,21105,https://t.me/MQL5Activations/21105
ALVES TENDÊNCIA MICRO MT4 indicator @indicatorsmt5mt4.zip,.zip,indicator,,MQL5Activations,20019,https://t.me/MQL5Activations/20019
Ambush_Fibs.mq4,.mq4,indicator,,MQL5Activations,19083,https://t.me/MQL5Activations/19083
Angel_09.03.20_fix.mq4,.mq4,unclassified,,MQL5Activations,19489,https://t.me/MQL5Activations/19489
AntiAlligator.mq4,.mq4,unclassified,,MQL5Activations,18673,https://t.me/MQL5Activations/18673
AO_Zotik_3.mq4,.mq4,unclassified,,MQL5Activations,19012,https://t.me/MQL5Activations/19012
Apadana Golden v3.ex5,.ex5,unclassified,,MQL5Activations,18417,https://t.me/MQL5Activations/18417
aParabolic SAR 2 histo_mtf+alerts+arrows - nmc.mq4,.mq4,indicator,,MQL5Activations,18723,https://t.me/MQL5Activations/18723
APC 40 MK II.ex4,.ex4,unclassified,,MQL5Activations,20741,https://t.me/MQL5Activations/20741
APC 40 MK III.ex4,.ex4,unclassified,,MQL5Activations,20740,https://t.me/MQL5Activations/20740
APC 40 MK III@LifeInDreamsWorld.ex4,.ex4,unclassified,,MQL5Activations,20841,https://t.me/MQL5Activations/20841
Apc Random.ex4,.ex4,unclassified,,MQL5Activations,20747,https://t.me/MQL5Activations/20747
"ApisCopier v1,5b.ex4",.ex4,panel_dashboard,,MQL5Activations,21034,https://t.me/MQL5Activations/21034
"ApisCopier v1,5b.ex5",.ex5,panel_dashboard,,MQL5Activations,21032,https://t.me/MQL5Activations/21032
"ApisCopier v1,5b@LifeInDreamsWorld.ex4",.ex4,panel_dashboard,,MQL5Activations,21086,https://t.me/MQL5Activations/21086
"ApisCopier v1,5b@LifeInDreamsWorld.ex5",.ex5,panel_dashboard,,MQL5Activations,21087,https://t.me/MQL5Activations/21087
"ApisCopier v1,6g.ex4",.ex4,panel_dashboard,,MQL5Activations,21035,https://t.me/MQL5Activations/21035
"ApisCopier v1,6g.ex5",.ex5,panel_dashboard,,MQL5Activations,21033,https://t.me/MQL5Activations/21033
AQ XFifteen@LifeInDreamsWorld.ex4,.ex4,unclassified,,MQL5Activations,21051,https://t.me/MQL5Activations/21051
arbitrage.mq4,.mq4,unclassified,,MQL5Activations,18613,https://t.me/MQL5Activations/18613
Archivos Optimizacion Nova.zip,.zip,unclassified,,MQL5Activations,19890,https://t.me/MQL5Activations/19890
Arnold EA.mq4,.mq4,expert_ea,,MQL5Activations,18894,https://t.me/MQL5Activations/18894
ARRAY-4EX-System@LifeInDreamsWorld.zip,.zip,unclassified,,MQL5Activations,20785,https://t.me/MQL5Activations/20785
ARRAY4EX System.zip,.zip,unclassified,,MQL5Activations,20091,https://t.me/MQL5Activations/20091
Array4exEntry.ex4,.ex4,unclassified,,MQL5Activations,21068,https://t.me/MQL5Activations/21068
ArrayDash1.ex4,.ex4,unclassified,,MQL5Activations,21071,https://t.me/MQL5Activations/21071
ArrayDash2.ex4,.ex4,unclassified,,MQL5Activations,21070,https://t.me/MQL5Activations/21070
Arrow Signal.mq4,.mq4,indicator,,MQL5Activations,19611,https://t.me/MQL5Activations/19611
ArrowsAndCurves_Alert.mq4,.mq4,indicator,,MQL5Activations,18724,https://t.me/MQL5Activations/18724
ArrZZx2.mq4,.mq4,unclassified,,MQL5Activations,18978,https://t.me/MQL5Activations/18978
ArrZZx2_alerts-2.mq4,.mq4,unclassified,,MQL5Activations,19442,https://t.me/MQL5Activations/19442
ASCTrend_Sound[1].mq4.mq4,.mq4,indicator,trend_following,MQL5Activations,18970,https://t.me/MQL5Activations/18970
Ash AI 5.22.ex5,.ex5,unclassified,ai_ml,MQL5Activations,20143,https://t.me/MQL5Activations/20143
AsiaScalperPro_.mq4,.mq4,expert_ea,scalping,MQL5Activations,18875,https://t.me/MQL5Activations/18875
Astro Reversal V4.0 BO System.zip,.zip,indicator,mean_reversion,MQL5Activations,21111,https://t.me/MQL5Activations/21111
Astro Reversal V4.0 MT4 System For POCKET OPTION.zip,.zip,indicator,mean_reversion,MQL5Activations,21116,https://t.me/MQL5Activations/21116
At Zdn Indicator.mq4,.mq4,indicator,,MQL5Activations,18930,https://t.me/MQL5Activations/18930
Atomic Analyst indicator МТ4.zip,.zip,indicator,,MQL5Activations,20179,https://t.me/MQL5Activations/20179
Atomic Analyst.ex4,.ex4,unclassified,,MQL5Activations,20170,https://t.me/MQL5Activations/20170
ATOMIC79_EA_12.51@LifeInDreamsWorld.ex4,.ex4,unclassified,,MQL5Activations,20653,https://t.me/MQL5Activations/20653
atomicdos.mq4,.mq4,unclassified,,MQL5Activations,18900,https://t.me/MQL5Activations/18900
ATP Worm bt.mq4,.mq4,unclassified,,MQL5Activations,19534,https://t.me/MQL5Activations/19534
ATR Bands 2.01.mq4,.mq4,indicator,,MQL5Activations,18675,https://t.me/MQL5Activations/18675
ATR Boundaries_v1.0 600+.mq4,.mq4,unclassified,,MQL5Activations,19074,https://t.me/MQL5Activations/19074
ATR SCLAPER MT5.zip,.zip,unclassified,,MQL5Activations,20077,https://t.me/MQL5Activations/20077
ATR.mq4,.mq4,unclassified,,MQL5Activations,19731,https://t.me/MQL5Activations/19731
atr_3lwma.mq4,.mq4,unclassified,,MQL5Activations,18614,https://t.me/MQL5Activations/18614
ATR_MTF_G_Bougie_2.mq4,.mq4,unclassified,,MQL5Activations,18884,https://t.me/MQL5Activations/18884
ATR_MY.mq4,.mq4,unclassified,,MQL5Activations,19735,https://t.me/MQL5Activations/19735
ATRH.ex4,.ex4,unclassified,,MQL5Activations,20083,https://t.me/MQL5Activations/20083
ATS V4.1 MQ4 - Source Code.zip,.zip,unclassified,,MQL5Activations,20158,https://t.me/MQL5Activations/20158
AUDNZD_Otaku300_fix_1420.ex4,.ex4,unclassified,,MQL5Activations,19919,https://t.me/MQL5Activations/19919
Aura Superstar_fix_1420.ex4,.ex4,unclassified,,MQL5Activations,19970,https://t.me/MQL5Activations/19970
Aura_BlackEdition_2.3_Fixed (2).mq4,.mq4,unclassified,,MQL5Activations,19398,https://t.me/MQL5Activations/19398
Aurum AI mt4.ex4,.ex4,unclassified,ai_ml,MQL5Activations,21196,https://t.me/MQL5Activations/21196
Aurum AI@LifeInDreamsWorld.ex4,.ex4,unclassified,,MQL5Activations,20650,https://t.me/MQL5Activations/20650
AUTO CHATISMO 1.mq4,.mq4,unclassified,,MQL5Activations,18968,https://t.me/MQL5Activations/18968
Auto Orderblock with Break of Structure_fix (1).ex4,.ex4,unclassified,grid,MQL5Activations,20161,https://t.me/MQL5Activations/20161
Auto_Fibo zz.mq4,.mq4,indicator,,MQL5Activations,19691,https://t.me/MQL5Activations/19691
Auto_Fibo.mq4,.mq4,indicator,,MQL5Activations,19695,https://t.me/MQL5Activations/19695
AutoChannel HLK.mq4,.mq4,indicator,,MQL5Activations,18929,https://t.me/MQL5Activations/18929
AutoFib .mq4,.mq4,indicator,,MQL5Activations,19693,https://t.me/MQL5Activations/19693
AutoFib TradeZones.mq4,.mq4,indicator,,MQL5Activations,18727,https://t.me/MQL5Activations/18727
AutoFib_TradeZones.mq4,.mq4,indicator,,MQL5Activations,18849,https://t.me/MQL5Activations/18849
AutoFibo.mq4,.mq4,indicator,,MQL5Activations,19690,https://t.me/MQL5Activations/19690
AutoFibu button.mq4,.mq4,indicator,,MQL5Activations,18825,https://t.me/MQL5Activations/18825
Autopilot Pro Plus_fix.ex4,.ex4,unclassified,,MQL5Activations,20087,https://t.me/MQL5Activations/20087
Autorefresh_v3.0.mq4,.mq4,unclassified,,MQL5Activations,19761,https://t.me/MQL5Activations/19761
AutoSet Bar Width.mq4,.mq4,unclassified,,MQL5Activations,19580,https://t.me/MQL5Activations/19580
AutoSet TP and SL.mq4,.mq4,unclassified,,MQL5Activations,19374,https://t.me/MQL5Activations/19374
AutoTrailing.ex4,.ex4,unclassified,,MQL5Activations,20715,https://t.me/MQL5Activations/20715
AutoTrailing@LifeInDreamsWorld.ex4,.ex4,unclassified,,MQL5Activations,20816,https://t.me/MQL5Activations/20816
AutoTrendLine BT 1.01 MT4 indicator @indicatorsmt5mt4.zip,.zip,indicator,trend_following,MQL5Activations,20763,https://t.me/MQL5Activations/20763
AutoTrendLine BT 1.01@LifeInDreamsWorld.ex4,.ex4,indicator,trend_following,MQL5Activations,20946,https://t.me/MQL5Activations/20946
Average Daily Range V4.1.mq4,.mq4,unclassified,breakout,MQL5Activations,19734,https://t.me/MQL5Activations/19734
Avg Daily Range.mq4,.mq4,unclassified,breakout,MQL5Activations,19355,https://t.me/MQL5Activations/19355
AW Recovery EA V3.3_fix 1420+.ex4,.ex4,expert_ea,,MQL5Activations,20060,https://t.me/MQL5Activations/20060
Awesome (arrows & alerts) ZERO MTF on screen.mq4,.mq4,indicator,,MQL5Activations,19777,https://t.me/MQL5Activations/19777
Awesome (arrows + alerts + mtf) 1.03.mq4,.mq4,indicator,,MQL5Activations,19776,https://t.me/MQL5Activations/19776
Awesome (arrows + alerts + mtf) 1.04.mq4,.mq4,indicator,,MQL5Activations,19778,https://t.me/MQL5Activations/19778
Awesome signals.mq4,.mq4,indicator,,MQL5Activations,19775,https://t.me/MQL5Activations/19775
Awesome_Signal_Alert.mq4,.mq4,indicator,,MQL5Activations,18795,https://t.me/MQL5Activations/18795
AwesomeAve.mq4,.mq4,unclassified,,MQL5Activations,18482,https://t.me/MQL5Activations/18482
AxisA1 EA MT4@LifeInDreamsWorld.ex4,.ex4,expert_ea,,MQL5Activations,21152,https://t.me/MQL5Activations/21152
ay-MarketProfile M5-DWM.v1.31.rev1.1(nmc).mq4,.mq4,unclassified,scalping,MQL5Activations,19450,https://t.me/MQL5Activations/19450
b-clock_spread.ex4,.ex4,unclassified,grid,MQL5Activations,18919,https://t.me/MQL5Activations/18919
Babe Blade Algo_fix [darkforex.net].ex4,.ex4,unclassified,,MQL5Activations,21039,https://t.me/MQL5Activations/21039
BabuSiaLightRevers.mq4,.mq4,unclassified,,MQL5Activations,19686,https://t.me/MQL5Activations/19686
BabyAI.mq4,.mq4,unclassified,,MQL5Activations,19231,https://t.me/MQL5Activations/19231
Bacok v3.5.ex4,.ex4,unclassified,,MQL5Activations,18917,https://t.me/MQL5Activations/18917
Bacok v4.1.ex4,.ex4,unclassified,,MQL5Activations,21031,https://t.me/MQL5Activations/21031
BamsBung-No Repaint-3 Mod v.mq4,.mq4,unclassified,,MQL5Activations,18844,https://t.me/MQL5Activations/18844
Band trend indicator.ex4,.ex4,indicator,trend_following,MQL5Activations,20855,https://t.me/MQL5Activations/20855
Bands Fibo True.mq4,.mq4,indicator,,MQL5Activations,18787,https://t.me/MQL5Activations/18787
Bands V1.01 alerts + arrows.mq4,.mq4,indicator,,MQL5Activations,18898,https://t.me/MQL5Activations/18898
Bandwagon_2.8_fix@LifeInDreamsWorld.ex4,.ex4,unclassified,,MQL5Activations,20655,https://t.me/MQL5Activations/20655
BARACUDE_VOLUME_NEXT_v.5_cracked(trueforex.pp.ua).mq4,.mq4,unclassified,,MQL5Activations,19792,https://t.me/MQL5Activations/19792
barrange.mq4,.mq4,unclassified,breakout,MQL5Activations,19829,https://t.me/MQL5Activations/19829
Barros_Swing_Fix.mq4,.mq4,unclassified,,MQL5Activations,19078,https://t.me/MQL5Activations/19078
BarTimer.mq4,.mq4,unclassified,,MQL5Activations,19573,https://t.me/MQL5Activations/19573
Basket_Stats_30Pairs_fix.mq4,.mq4,unclassified,,MQL5Activations,19377,https://t.me/MQL5Activations/19377
BB_%_v1.1.mq4,.mq4,unclassified,,MQL5Activations,18899,https://t.me/MQL5Activations/18899
BB_Alert Arrows (2).mq4,.mq4,indicator,,MQL5Activations,19790,https://t.me/MQL5Activations/19790
BB_Grail.mq4,.mq4,unclassified,,MQL5Activations,19768,https://t.me/MQL5Activations/19768
BB_MACD_MT4_v6.mq4,.mq4,indicator,,MQL5Activations,19140,https://t.me/MQL5Activations/19140
bb_stops_rsi_super_smooth.mq4,.mq4,indicator,,MQL5Activations,19178,https://t.me/MQL5Activations/19178
BB_Trigger.mq4,.mq4,unclassified,,MQL5Activations,19509,https://t.me/MQL5Activations/19509
BBCI_v2 (2).mq4,.mq4,unclassified,,MQL5Activations,19726,https://t.me/MQL5Activations/19726
BE.mq4,.mq4,unclassified,,MQL5Activations,18526,https://t.me/MQL5Activations/18526
Beast_EA_V5 Working @SoftechFX_Robot.ex4,.ex4,expert_ea,,MQL5Activations,20956,https://t.me/MQL5Activations/20956
Beast_EA_V5.mq4,.mq4,unclassified,,MQL5Activations,19076,https://t.me/MQL5Activations/19076
Beat Deluxe EA.ex4,.ex4,expert_ea,,MQL5Activations,20637,https://t.me/MQL5Activations/20637
Beat Deluxe EA@LifeInDreamsWorld.ex4,.ex4,expert_ea,,MQL5Activations,20811,https://t.me/MQL5Activations/20811
beforexguru 1.mq4,.mq4,unclassified,,MQL5Activations,19638,https://t.me/MQL5Activations/19638
beforexguru 2.mq4,.mq4,unclassified,,MQL5Activations,19630,https://t.me/MQL5Activations/19630
beforexguru 3.mq4,.mq4,unclassified,,MQL5Activations,19631,https://t.me/MQL5Activations/19631
beforexguru 4.mq4,.mq4,unclassified,,MQL5Activations,19633,https://t.me/MQL5Activations/19633
beforexguru.mq4,.mq4,unclassified,,MQL5Activations,19626,https://t.me/MQL5Activations/19626
BegjaBegjaVictorMTFV5.ex4,.ex4,unclassified,,MQL5Activations,20858,https://t.me/MQL5Activations/20858
Belkaglazer v1.999_fix_1420.ex4,.ex4,unclassified,,MQL5Activations,19973,https://t.me/MQL5Activations/19973
BenderFX V2 MQ4 @ForexRobot5.zip,.zip,expert_ea,,MQL5Activations,19371,https://t.me/MQL5Activations/19371
Benefit-EA-V4.1.zip,.zip,unclassified,,MQL5Activations,18914,https://t.me/MQL5Activations/18914
BenefitEA v4.1_fix_1420.ex4,.ex4,expert_ea,,MQL5Activations,20164,https://t.me/MQL5Activations/20164
BenefitEA_v4.1-1_fix_1420.ex4,.ex4,unclassified,,MQL5Activations,19938,https://t.me/MQL5Activations/19938
Best Indicator Forever.mq4,.mq4,indicator,,MQL5Activations,18771,https://t.me/MQL5Activations/18771
Best Night Scalping Bot.ex4,.ex4,expert_ea,scalping,MQL5Activations,20864,https://t.me/MQL5Activations/20864
Best Night Scalping Bot@LifeInDreamsWorld.ex4,.ex4,expert_ea,scalping,MQL5Activations,20793,https://t.me/MQL5Activations/20793
BEST TRADING SYSTEM.zip,.zip,unclassified,,MQL5Activations,20748,https://t.me/MQL5Activations/20748
bheurekso-pattern-indicator.ex4,.ex4,indicator,,MQL5Activations,20727,https://t.me/MQL5Activations/20727
Bheurekso_pattern@totusmod@.mq4,.mq4,unclassified,,MQL5Activations,18725,https://t.me/MQL5Activations/18725
Bheurekso_pattern_для себя.mq4,.mq4,unclassified,,MQL5Activations,20725,https://t.me/MQL5Activations/20725
BiBoosterix-1@LifeInDreamsWorld.zip,.zip,unclassified,,MQL5Activations,20659,https://t.me/MQL5Activations/20659
BillWilliams_ATZ.mq4,.mq4,unclassified,,MQL5Activations,19501,https://t.me/MQL5Activations/19501
BINARY POINT.zip,.zip,unclassified,,MQL5Activations,20993,https://t.me/MQL5Activations/20993
BINARY POINT@LifeInDreamsWorld.zip,.zip,unclassified,,MQL5Activations,20999,https://t.me/MQL5Activations/20999
Binary Win Profit.zip,.zip,unclassified,,MQL5Activations,21209,https://t.me/MQL5Activations/21209
BinaryIndicator@LifeInDreamsWorld.ex4,.ex4,indicator,,MQL5Activations,21172,https://t.me/MQL5Activations/21172
BiohazardEA@LifeInDreamsWorld.ex4,.ex4,unclassified,,MQL5Activations,21092,https://t.me/MQL5Activations/21092
Bip Ichimoko_Trend_mod.mq4,.mq4,indicator,trend_following,MQL5Activations,19238,https://t.me/MQL5Activations/19238
Bitcoin Robot MT4.ex4,.ex4,expert_ea,,MQL5Activations,21197,https://t.me/MQL5Activations/21197
Bitcoin Robot MT5 @SoftechFX_Robot.ex5,.ex5,expert_ea,,MQL5Activations,20712,https://t.me/MQL5Activations/20712
Bitcoin Robot MT5.ex5,.ex5,expert_ea,,MQL5Activations,20648,https://t.me/MQL5Activations/20648
Bitcoin Trading Bot.ex4,.ex4,expert_ea,,MQL5Activations,20644,https://t.me/MQL5Activations/20644
Bitcoin Trading Bot@LifeInDreamsWorld.ex4,.ex4,expert_ea,,MQL5Activations,20842,https://t.me/MQL5Activations/20842
BITCOIN USDOLLAR Warrior 0.03-0.2 F-@LifeInDreamsWorld.ex4,.ex4,unclassified,,MQL5Activations,21017,https://t.me/MQL5Activations/21017
BITCOIN_USDOLLAR_Warrior_0_03_0_2_F.zip,.zip,unclassified,,MQL5Activations,21023,https://t.me/MQL5Activations/21023
Black Diamond Trader(edit-end).mq4,.mq4,unclassified,,MQL5Activations,19492,https://t.me/MQL5Activations/19492
Black Diamond Trader.mq4,.mq4,unclassified,,MQL5Activations,19507,https://t.me/MQL5Activations/19507
Black Wolf EA v2.4.ex4,.ex4,expert_ea,,MQL5Activations,20722,https://t.me/MQL5Activations/20722
Black Wolf EA@LifeInDreamsWorld.ex4,.ex4,expert_ea,,MQL5Activations,20193,https://t.me/MQL5Activations/20193
Black Wolf EA_fix.ex5,.ex5,expert_ea,,MQL5Activations,20623,https://t.me/MQL5Activations/20623
Black Wolf EA_fix@LifeInDreamsWorld.ex5,.ex5,expert_ea,,MQL5Activations,20701,https://t.me/MQL5Activations/20701
Black-Panther-2020-1.5_1420_fix_1420.ex4,.ex4,unclassified,,MQL5Activations,19925,https://t.me/MQL5Activations/19925
Blessing EA MT4.ex4,.ex4,expert_ea,,MQL5Activations,20852,https://t.me/MQL5Activations/20852
Blubbb MightyZones [kokoveni].mq4,.mq4,unclassified,,MQL5Activations,18870,https://t.me/MQL5Activations/18870
Blue Renko Bars MT5 Indicator@LifeInDreamsWorld.ex5,.ex5,indicator,,MQL5Activations,21205,https://t.me/MQL5Activations/21205
Blue_HA.mq4,.mq4,unclassified,,MQL5Activations,18467,https://t.me/MQL5Activations/18467
BlueMarket_Info.mq4,.mq4,unclassified,,MQL5Activations,18468,https://t.me/MQL5Activations/18468
BlueTrernd.mq4,.mq4,unclassified,,MQL5Activations,18469,https://t.me/MQL5Activations/18469
BNK Golden Island v1.21a_fix_1420.ex4,.ex4,unclassified,,MQL5Activations,19948,https://t.me/MQL5Activations/19948
Bob05 non repain MT4 indicator @indicatorsmt5mt4.zip,.zip,indicator,,MQL5Activations,20006,https://t.me/MQL5Activations/20006
Bollinger Toucher AA TT.mq4,.mq4,indicator,breakout,MQL5Activations,19113,https://t.me/MQL5Activations/19113
Bollinger_Bands_Exit_Strategy.mq4,.mq4,indicator,breakout,MQL5Activations,19107,https://t.me/MQL5Activations/19107
BollJurikStarc-TC_Sig_alertsMT4 indicator @indicatorsmt5mt4.zip,.zip,indicator,,MQL5Activations,20762,https://t.me/MQL5Activations/20762
BOLT_Free.mq4,.mq4,unclassified,,MQL5Activations,19659,https://t.me/MQL5Activations/19659
Boom and Crash Spike Detector Indicator@LifeInDreamsWorld.zip,.zip,indicator,,MQL5Activations,20942,https://t.me/MQL5Activations/20942
BOOM BLASTER MT4 V3 V4.zip,.zip,unclassified,,MQL5Activations,20109,https://t.me/MQL5Activations/20109
Boring Pips MT4_4.1_fix.ex4,.ex4,unclassified,,MQL5Activations,20089,https://t.me/MQL5Activations/20089
Boring Pips MT4_nodll.ex4,.ex4,unclassified,,MQL5Activations,19974,https://t.me/MQL5Activations/19974
BOX_InsideBar.mq4,.mq4,unclassified,,MQL5Activations,19025,https://t.me/MQL5Activations/19025
Braid_Filter.mq4,.mq4,unclassified,,MQL5Activations,19157,https://t.me/MQL5Activations/19157
BrainTrend2SigALERT2.mq4,.mq4,indicator,trend_following,MQL5Activations,18726,https://t.me/MQL5Activations/18726
Breakeven EA v1.3.mq4,.mq4,expert_ea,,MQL5Activations,18527,https://t.me/MQL5Activations/18527
Breakeven.mq4,.mq4,unclassified,,MQL5Activations,19223,https://t.me/MQL5Activations/19223
BreakEvenExpert_v1.mq4,.mq4,expert_ea,,MQL5Activations,18539,https://t.me/MQL5Activations/18539
Breakfast in Canada_fix_1420.ex4,.ex4,unclassified,,MQL5Activations,19955,https://t.me/MQL5Activations/19955
Breakout and Retest Scanner MT4 fix by @MegaBotsColombia.ex4,.ex4,expert_ea,breakout,MQL5Activations,20853,https://t.me/MQL5Activations/20853
Breakout and Retest Scanner MT4.ex4,.ex4,unclassified,breakout,MQL5Activations,20970,https://t.me/MQL5Activations/20970
Breakout and Retest Scanner MT4@LifeInDreamsWorld.zip,.zip,unclassified,breakout,MQL5Activations,20893,https://t.me/MQL5Activations/20893
Breakout and Retest Scanner V1.18 @SoftechFX_Robot.ex4,.ex4,expert_ea,breakout,MQL5Activations,20898,https://t.me/MQL5Activations/20898
Breakout and Retest Scanner V1.18 indicator MT4.zip,.zip,indicator,breakout,MQL5Activations,20896,https://t.me/MQL5Activations/20896
Breakout Experts n Indicators @LifeInDreamsWorld.zip,.zip,expert_ea,breakout,MQL5Activations,20783,https://t.me/MQL5Activations/20783
BreakOut-EAGLE_indicator.mq4,.mq4,indicator,breakout,MQL5Activations,18796,https://t.me/MQL5Activations/18796
Breakout@LifeInDreamsWorld.ex5,.ex5,unclassified,breakout,MQL5Activations,21200,https://t.me/MQL5Activations/21200
BreakOut_BOX_5_DailyCandles_OCbox_indicator.mq4,.mq4,indicator,breakout,MQL5Activations,19133,https://t.me/MQL5Activations/19133
Brooky psar levels.mq4,.mq4,unclassified,,MQL5Activations,18971,https://t.me/MQL5Activations/18971
Brooky_PSAR_Levels_MTF_TT.mq4,.mq4,unclassified,,MQL5Activations,19126,https://t.me/MQL5Activations/19126
BSS Forex Market EA M5.ex4,.ex4,expert_ea,scalping,MQL5Activations,20057,https://t.me/MQL5Activations/20057
BullAndBear NewYork_v1.mq4,.mq4,unclassified,,MQL5Activations,18873,https://t.me/MQL5Activations/18873
Burn.mq4,.mq4,unclassified,,MQL5Activations,19440,https://t.me/MQL5Activations/19440
BUTTONS_SW_TRO_MODIFIED.mq4,.mq4,panel_dashboard,,MQL5Activations,19561,https://t.me/MQL5Activations/19561
BUY-SELL.SIGNAL.mq4,.mq4,indicator,,MQL5Activations,18715,https://t.me/MQL5Activations/18715
Buy-Sell_Alerts.mq4,.mq4,unclassified,,MQL5Activations,18728,https://t.me/MQL5Activations/18728
BUY-SELL_SIGNAL_bisc of MA &RSI__V1.1.ex4,.ex4,indicator,trend_following,MQL5Activations,21189,https://t.me/MQL5Activations/21189
Buy_-Sel_l_Alert.mq4,.mq4,unclassified,,MQL5Activations,19006,https://t.me/MQL5Activations/19006
BuySell сетка полуавтомат.mq4,.mq4,unclassified,,MQL5Activations,19478,https://t.me/MQL5Activations/19478
C1.ex4,.ex4,unclassified,,MQL5Activations,20870,https://t.me/MQL5Activations/20870
C1@LifeInDreamsWorld.ex4,.ex4,unclassified,,MQL5Activations,20795,https://t.me/MQL5Activations/20795
candle color2.ex4,.ex4,unclassified,,MQL5Activations,21190,https://t.me/MQL5Activations/21190
CandleFibo-v2.2.1.mq4,.mq4,indicator,,MQL5Activations,19451,https://t.me/MQL5Activations/19451
Candles_Star.mq4,.mq4,unclassified,,MQL5Activations,19772,https://t.me/MQL5Activations/19772
Candlestick - CustomCandle_TRO_MODIFIED_VERSION.mq4,.mq4,indicator,scalping,MQL5Activations,19108,https://t.me/MQL5Activations/19108
Candlestick alerts.mq4,.mq4,unclassified,scalping,MQL5Activations,18896,https://t.me/MQL5Activations/18896
CANDLESTICK.mq4,.mq4,unclassified,scalping,MQL5Activations,19783,https://t.me/MQL5Activations/19783
Candlestick_alerts_Set 3.mq4,.mq4,unclassified,scalping,MQL5Activations,18664,https://t.me/MQL5Activations/18664
CandleWicksDisplay.mq4,.mq4,unclassified,,MQL5Activations,19555,https://t.me/MQL5Activations/19555
Casino AVG BACKUP.ex4,.ex4,unclassified,,MQL5Activations,20826,https://t.me/MQL5Activations/20826
Casino AVG BACKUP@LifeInDreamsWorld.ex4,.ex4,unclassified,,MQL5Activations,20951,https://t.me/MQL5Activations/20951
Casino Minute 55.ex4,.ex4,unclassified,,MQL5Activations,20734,https://t.me/MQL5Activations/20734
CC mtf@LifeInDreamsWorld.mq4,.mq4,unclassified,,MQL5Activations,20668,https://t.me/MQL5Activations/20668
CC.mq4,.mq4,unclassified,,MQL5Activations,18641,https://t.me/MQL5Activations/18641
CCI Ob Os_arrows+alerts+mtf.mq4,.mq4,indicator,,MQL5Activations,19064,https://t.me/MQL5Activations/19064
CCI - Highlight (arrows).mq4,.mq4,indicator,,MQL5Activations,19646,https://t.me/MQL5Activations/19646
CCI - Highlight candles.mq4,.mq4,unclassified,,MQL5Activations,19651,https://t.me/MQL5Activations/19651
CCI - Nrp - Mtf Advanced Alerts(mod)_v1.mq4,.mq4,unclassified,,MQL5Activations,19688,https://t.me/MQL5Activations/19688
CCI Custom Candles MTF TT@LifeInDreamsWorld.ex4,.ex4,unclassified,,MQL5Activations,21074,https://t.me/MQL5Activations/21074
cci obos arrows.mq4,.mq4,indicator,,MQL5Activations,19062,https://t.me/MQL5Activations/19062
CCI Template AA MTF TT 2.mq4,.mq4,utility_library,,MQL5Activations,19724,https://t.me/MQL5Activations/19724
CCI Template AA MTF TT.mq4,.mq4,utility_library,,MQL5Activations,19728,https://t.me/MQL5Activations/19728
CCI'HMA MinMax Levels AA MTF SV+TT 1.mq4,.mq4,unclassified,trend_following,MQL5Activations,18832,https://t.me/MQL5Activations/18832
CCI_2in1_DC.mq4,.mq4,unclassified,,MQL5Activations,18485,https://t.me/MQL5Activations/18485
cci_nma_alerts_mtf_1.2.mq4,.mq4,unclassified,,MQL5Activations,18731,https://t.me/MQL5Activations/18731
Celak Kenyang.ex4,.ex4,unclassified,,MQL5Activations,20739,https://t.me/MQL5Activations/20739
cfb - adaptive qqe histo alerts + arrows BT.mq4,.mq4,indicator,,MQL5Activations,19750,https://t.me/MQL5Activations/19750
cfb adaptive dmx nrp alerts arrows.mq4,.mq4,indicator,,MQL5Activations,18946,https://t.me/MQL5Activations/18946
Cfb adaptive wprsmooth correct.mq4,.mq4,unclassified,,MQL5Activations,18757,https://t.me/MQL5Activations/18757
cfb-adaptive qqe histo alerts + arrows.mq4,.mq4,indicator,,MQL5Activations,18882,https://t.me/MQL5Activations/18882
CFP.mq4,.mq4,unclassified,,MQL5Activations,18569,https://t.me/MQL5Activations/18569
ChangeTpl-allCharts.mq4,.mq4,unclassified,,MQL5Activations,19502,https://t.me/MQL5Activations/19502
Channels indicator 4 button.mq4,.mq4,indicator,,MQL5Activations,18810,https://t.me/MQL5Activations/18810
Channels indicator 4 RZ button.mq4,.mq4,indicator,,MQL5Activations,18809,https://t.me/MQL5Activations/18809
ChannelsFIBO_AD v2.mq4,.mq4,indicator,,MQL5Activations,18621,https://t.me/MQL5Activations/18621
channelsfibo_ad.mq4,.mq4,indicator,,MQL5Activations,18892,https://t.me/MQL5Activations/18892
CheckForRepainting.mq4,.mq4,unclassified,,MQL5Activations,19517,https://t.me/MQL5Activations/19517
Cheeta xpMA.mq4,.mq4,unclassified,,MQL5Activations,19036,https://t.me/MQL5Activations/19036
Chimp2_1.mq4,.mq4,unclassified,,MQL5Activations,18943,https://t.me/MQL5Activations/18943
Chinesse system for MT4 @indicatorsmt5mt4.zip,.zip,indicator,,MQL5Activations,20020,https://t.me/MQL5Activations/20020
choppiness index.mq4,.mq4,unclassified,,MQL5Activations,19027,https://t.me/MQL5Activations/19027
ChudoRSI.mq4,.mq4,indicator,,MQL5Activations,19795,https://t.me/MQL5Activations/19795
Cibola v1.9.ex4,.ex4,unclassified,,MQL5Activations,20829,https://t.me/MQL5Activations/20829
CITY AI X ALPHA GEN III+PRO PLUS EA MT4.zip,.zip,expert_ea,ai_ml,MQL5Activations,20995,https://t.me/MQL5Activations/20995
CITY AI X ALPHA GEN III+PRO PLUS EA MT4@LifeInDreamsWorld.zip,.zip,expert_ea,ai_ml,MQL5Activations,21005,https://t.me/MQL5Activations/21005
CITY AI X ALPHA GEN III+PRO PLUS@LifeInDreamsWorld.ex4,.ex4,unclassified,ai_ml,MQL5Activations,20705,https://t.me/MQL5Activations/20705
CITY-GOLD HUNTER PROx2_fix_1420.ex4,.ex4,unclassified,,MQL5Activations,19914,https://t.me/MQL5Activations/19914
CITY-ScalperX2 EA_2123.mq4,.mq4,expert_ea,scalping,MQL5Activations,19347,https://t.me/MQL5Activations/19347
CK_Speed.mq4,.mq4,unclassified,,MQL5Activations,19038,https://t.me/MQL5Activations/19038
Clear method-SD v1.11.mq4,.mq4,unclassified,,MQL5Activations,18883,https://t.me/MQL5Activations/18883
Clever_Fox.ex4,.ex4,unclassified,,MQL5Activations,18918,https://t.me/MQL5Activations/18918
CLOSE ALL BUY & SELL.ex4,.ex4,unclassified,,MQL5Activations,20050,https://t.me/MQL5Activations/20050
Close all positions at profit target v1.1 (1)(1).mq4,.mq4,unclassified,,MQL5Activations,19367,https://t.me/MQL5Activations/19367
Close All.mq4,.mq4,unclassified,,MQL5Activations,18839,https://t.me/MQL5Activations/18839
close_all_open_orders.ex4,.ex4,unclassified,,MQL5Activations,20159,https://t.me/MQL5Activations/20159
CloseAll.mq4,.mq4,unclassified,,MQL5Activations,19248,https://t.me/MQL5Activations/19248
CloseAllByOpposite.mq4,.mq4,unclassified,,MQL5Activations,19460,https://t.me/MQL5Activations/19460
CloseAtProfit.ex4,.ex4,unclassified,,MQL5Activations,20150,https://t.me/MQL5Activations/20150
CloseAtProfit.mq4,.mq4,unclassified,,MQL5Activations,18819,https://t.me/MQL5Activations/18819
CloseProfit-601.mq4,.mq4,unclassified,,MQL5Activations,19653,https://t.me/MQL5Activations/19653
CloseThemAll.mq4,.mq4,unclassified,,MQL5Activations,19670,https://t.me/MQL5Activations/19670
CloseTrades_After_Account_Profit_Reached.mq4,.mq4,unclassified,,MQL5Activations,18572,https://t.me/MQL5Activations/18572
ClusterBox TicksDensity.mq4,.mq4,unclassified,scalping,MQL5Activations,19446,https://t.me/MQL5Activations/19446
clusterbox_ad.mq4,.mq4,unclassified,,MQL5Activations,19448,https://t.me/MQL5Activations/19448
ClusterBox_Histogramm_AD.mq4,.mq4,indicator,,MQL5Activations,18965,https://t.me/MQL5Activations/18965
clusterbox_histogramm_ad.mq4,.mq4,indicator,,MQL5Activations,19449,https://t.me/MQL5Activations/19449
ClusterBox_NullDayHistogramm_AD.mq4,.mq4,indicator,,MQL5Activations,18964,https://t.me/MQL5Activations/18964
ClusterFilter.mq4,.mq4,unclassified,,MQL5Activations,18682,https://t.me/MQL5Activations/18682
clusterfilter.mq4,.mq4,unclassified,,MQL5Activations,19114,https://t.me/MQL5Activations/19114
cm MA 2 bar Signal.mq4,.mq4,indicator,trend_following,MQL5Activations,19699,https://t.me/MQL5Activations/19699
cm partial closing position.mq4,.mq4,unclassified,,MQL5Activations,19737,https://t.me/MQL5Activations/19737
cm-Close-Far-Loss.mq4,.mq4,unclassified,,MQL5Activations,19652,https://t.me/MQL5Activations/19652
cm-partial-closing-position.mq4,.mq4,unclassified,,MQL5Activations,19822,https://t.me/MQL5Activations/19822
cm_EA_TrailingStopOrders 3r.ex5,.ex5,unclassified,,MQL5Activations,18416,https://t.me/MQL5Activations/18416
CM_Strength.mq4,.mq4,unclassified,,MQL5Activations,19054,https://t.me/MQL5Activations/19054
cMAM_3.7.4.zip,.zip,unclassified,,MQL5Activations,20044,https://t.me/MQL5Activations/20044
Cobra Adrenaline EA@LifeInDreamsWorld.zip,.zip,expert_ea,,MQL5Activations,21075,https://t.me/MQL5Activations/21075
colenak.ex4,.ex4,unclassified,,MQL5Activations,21027,https://t.me/MQL5Activations/21027
Color Levels.mq4,.mq4,unclassified,,MQL5Activations,19599,https://t.me/MQL5Activations/19599
Color RSI Fast.mq4,.mq4,indicator,,MQL5Activations,19058,https://t.me/MQL5Activations/19058
colored-stochastic-indicator.mq4,.mq4,indicator,,MQL5Activations,19617,https://t.me/MQL5Activations/19617
colorzerolagrvi.mq4,.mq4,unclassified,,MQL5Activations,18854,https://t.me/MQL5Activations/18854
combiner5.mq4,.mq4,unclassified,,MQL5Activations,18766,https://t.me/MQL5Activations/18766
Complex_pairs1.mq4,.mq4,unclassified,,MQL5Activations,18570,https://t.me/MQL5Activations/18570
Consecutive_candle_range(trueforex.pp.ua).mq4,.mq4,unclassified,breakout,MQL5Activations,19745,https://t.me/MQL5Activations/19745
consecutive_candle_range_mtf.mq4,.mq4,unclassified,breakout,MQL5Activations,19749,https://t.me/MQL5Activations/19749
Conservative_Miner.ex4,.ex4,unclassified,,MQL5Activations,18464,https://t.me/MQL5Activations/18464
coronforex-updates.mq4,.mq4,unclassified,,MQL5Activations,19567,https://t.me/MQL5Activations/19567
correl8.mq4,.mq4,unclassified,,MQL5Activations,18678,https://t.me/MQL5Activations/18678
correl8b - notification@LifeInDreamsWorld.mq4,.mq4,unclassified,,MQL5Activations,21201,https://t.me/MQL5Activations/21201
Correlation IND CHARTlite+offset@LifeInDreamsWorld.mq4,.mq4,unclassified,,MQL5Activations,20886,https://t.me/MQL5Activations/20886
COTCustomInd.mq4,.mq4,unclassified,,MQL5Activations,18799,https://t.me/MQL5Activations/18799
Cougar.zip,.zip,unclassified,,MQL5Activations,20188,https://t.me/MQL5Activations/20188
Covid_19_fix@LifeInDreamsWorld.ex4,.ex4,unclassified,,MQL5Activations,21061,https://t.me/MQL5Activations/21061
CPIv1.5 ENG.mq4,.mq4,unclassified,,MQL5Activations,18798,https://t.me/MQL5Activations/18798
CPIv1.5.mq4,.mq4,unclassified,,MQL5Activations,18840,https://t.me/MQL5Activations/18840
Cronex_Taichi.mq4,.mq4,unclassified,,MQL5Activations,19190,https://t.me/MQL5Activations/19190
cross111.mq4,.mq4,unclassified,,MQL5Activations,19397,https://t.me/MQL5Activations/19397
cross222.mq4,.mq4,unclassified,,MQL5Activations,19399,https://t.me/MQL5Activations/19399
Cryo Scalper MT4 DLL1421.zip,.zip,expert_ea,scalping,MQL5Activations,20029,https://t.me/MQL5Activations/20029
Crypto Binary Options.zip,.zip,unclassified,,MQL5Activations,20106,https://t.me/MQL5Activations/20106
CTG-Mirror.mq4,.mq4,unclassified,,MQL5Activations,19432,https://t.me/MQL5Activations/19432
CTG-Modify_Date.mq4,.mq4,unclassified,,MQL5Activations,19016,https://t.me/MQL5Activations/19016
CumulativeDelta.mq4,.mq4,unclassified,,MQL5Activations,18665,https://t.me/MQL5Activations/18665
Currency Slope Strength_STOC_v1.4.mq4,.mq4,unclassified,,MQL5Activations,19109,https://t.me/MQL5Activations/19109
Currency_Strength_28_pairs_EREBUS_MODIFIED_BT_ea@LifeInDreamsWorld.ex4,.ex4,unclassified,,MQL5Activations,20786,https://t.me/MQL5Activations/20786
CurrencyPairsCorrelation.mq4,.mq4,unclassified,,MQL5Activations,18879,https://t.me/MQL5Activations/18879
CurrencyStrengthAlerts (2).mq4,.mq4,unclassified,,MQL5Activations,18852,https://t.me/MQL5Activations/18852
CurrencyStrengthBoard_v1 600+.mq4,.mq4,unclassified,,MQL5Activations,18969,https://t.me/MQL5Activations/18969
Custom_2_mv_mod (1).mq4,.mq4,unclassified,,MQL5Activations,19480,https://t.me/MQL5Activations/19480
CustomCandle.mq4,.mq4,unclassified,,MQL5Activations,19730,https://t.me/MQL5Activations/19730
cxx2ck_85kj9lu0nnp8js56jh_1.mq4,.mq4,unclassified,,MQL5Activations,19014,https://t.me/MQL5Activations/19014
Cycle identifier_alerts+arrows.mq4,.mq4,indicator,,MQL5Activations,19640,https://t.me/MQL5Activations/19640
cycle-identifier.mq4,.mq4,unclassified,,MQL5Activations,19046,https://t.me/MQL5Activations/19046
CyclePeriod.mq4,.mq4,unclassified,,MQL5Activations,18528,https://t.me/MQL5Activations/18528
Cyclic Pips Reaper.mq4,.mq4,unclassified,,MQL5Activations,18927,https://t.me/MQL5Activations/18927
CyNera MT4 v4.00.ex4,.ex4,unclassified,,MQL5Activations,20890,https://t.me/MQL5Activations/20890
CyNeron EA V2.1@LifeInDreamsWorld.ex4,.ex4,expert_ea,,MQL5Activations,21194,https://t.me/MQL5Activations/21194
CyNeron MT4.ex4,.ex4,unclassified,,MQL5Activations,20849,https://t.me/MQL5Activations/20849
CyNeron MT4_fix@LifeInDreamsWorld.ex4,.ex4,unclassified,,MQL5Activations,20884,https://t.me/MQL5Activations/20884
Cypher GOLD V2.0 EA.ex4,.ex4,expert_ea,,MQL5Activations,20769,https://t.me/MQL5Activations/20769
Cypher GOLD V2.0 EA@LifeInDreamsWorld.ex4,.ex4,expert_ea,,MQL5Activations,20809,https://t.me/MQL5Activations/20809
Cypher GOLD V2_fix@LifeInDreamsWorld.ex4,.ex4,unclassified,,MQL5Activations,20882,https://t.me/MQL5Activations/20882
Daily Pips Hunter New Version.zip,.zip,indicator,,MQL5Activations,20156,https://t.me/MQL5Activations/20156
Daily Pips Hunter Old Version.zip,.zip,indicator,,MQL5Activations,20155,https://t.me/MQL5Activations/20155
Daily_Data_3_1.mq4,.mq4,unclassified,,MQL5Activations,19557,https://t.me/MQL5Activations/19557
Daily_Dynamic_Trend_Multi_Currency_v4.mq4,.mq4,indicator,trend_following,MQL5Activations,19013,https://t.me/MQL5Activations/19013
Daily_range.mq4,.mq4,unclassified,breakout,MQL5Activations,19587,https://t.me/MQL5Activations/19587
DAILY_RANGE_PROJECTIONS.mq4,.mq4,unclassified,breakout,MQL5Activations,19589,https://t.me/MQL5Activations/19589
Daily_Research.mq4,.mq4,unclassified,,MQL5Activations,19017,https://t.me/MQL5Activations/19017
DailyPercentageChange.mq4,.mq4,unclassified,,MQL5Activations,19459,https://t.me/MQL5Activations/19459
darilka keltner stoh.mq4,.mq4,unclassified,,MQL5Activations,19665,https://t.me/MQL5Activations/19665
Dark Algo MT4-1.50-fix-1420.zip,.zip,unclassified,,MQL5Activations,21097,https://t.me/MQL5Activations/21097
Dark Algo Presets.zip,.zip,unclassified,,MQL5Activations,21100,https://t.me/MQL5Activations/21100
Dark Algo V1.5_nodll_1420.ex4,.ex4,unclassified,,MQL5Activations,19915,https://t.me/MQL5Activations/19915
Dark Inversion MT5.zip,.zip,indicator,,MQL5Activations,20838,https://t.me/MQL5Activations/20838
Dark Inversion.ex5,.ex5,indicator,,MQL5Activations,20968,https://t.me/MQL5Activations/20968
Dark Inversion@LifeInDreamsWorld.ex5,.ex5,indicator,,MQL5Activations,20817,https://t.me/MQL5Activations/20817
Dark Orders v2.1.zip,.zip,unclassified,,MQL5Activations,18911,https://t.me/MQL5Activations/18911
DarvasBoxes mtf.mq4,.mq4,unclassified,,MQL5Activations,19035,https://t.me/MQL5Activations/19035
DarvasBoxes nmc.mq4,.mq4,unclassified,,MQL5Activations,19022,https://t.me/MQL5Activations/19022
Darwin Evolution MT4 Full@LifeInDreamsWorld.ex4,.ex4,unclassified,,MQL5Activations,20883,https://t.me/MQL5Activations/20883
Dash4_2024.ex4,.ex4,unclassified,,MQL5Activations,20135,https://t.me/MQL5Activations/20135
Dashboard - Direction & Strength.ex4,.ex4,panel_dashboard,,MQL5Activations,20168,https://t.me/MQL5Activations/20168
Dashboard - Direction & Strength.mq4,.mq4,panel_dashboard,,MQL5Activations,20167,https://t.me/MQL5Activations/20167
Daydream01.mq4,.mq4,unclassified,,MQL5Activations,19015,https://t.me/MQL5Activations/19015
DaytradeProAlgo_2.61_fix_1420.ex4,.ex4,unclassified,,MQL5Activations,19954,https://t.me/MQL5Activations/19954
dba.mq4,.mq4,unclassified,,MQL5Activations,19740,https://t.me/MQL5Activations/19740
DC signals.mq4,.mq4,indicator,,MQL5Activations,18540,https://t.me/MQL5Activations/18540
DDFX_2_NeuroTrade_v4.mq4,.mq4,unclassified,,MQL5Activations,18876,https://t.me/MQL5Activations/18876
DDFX_5_Sentiment_v4.mq4,.mq4,unclassified,,MQL5Activations,18878,https://t.me/MQL5Activations/18878
DDFX_6_GoldenLine_v4.mq4,.mq4,unclassified,,MQL5Activations,18877,https://t.me/MQL5Activations/18877
DDR Custom Assisten Badai V.2.ex4,.ex4,unclassified,ai_ml,MQL5Activations,20933,https://t.me/MQL5Activations/20933
DeepSky Scalping Strategy.zip,.zip,expert_ea,scalping,MQL5Activations,21207,https://t.me/MQL5Activations/21207
Delete All Graf.mq4,.mq4,unclassified,,MQL5Activations,19629,https://t.me/MQL5Activations/19629
DELETE PO TIMER.ex4,.ex4,unclassified,,MQL5Activations,20733,https://t.me/MQL5Activations/20733
Delta Trend_v1 600+.mq4,.mq4,indicator,trend_following,MQL5Activations,19138,https://t.me/MQL5Activations/19138
Delta Volume Indicator.mq4,.mq4,indicator,,MQL5Activations,19601,https://t.me/MQL5Activations/19601
DeltaForce Indicator.mq4,.mq4,indicator,,MQL5Activations,19088,https://t.me/MQL5Activations/19088
dema macd zones alerts 2.01.mq4,.mq4,indicator,trend_following,MQL5Activations,18924,https://t.me/MQL5Activations/18924
dema macd zones amp alerts 2.mq4,.mq4,indicator,trend_following,MQL5Activations,19189,https://t.me/MQL5Activations/19189
dema_macd_zones_amp_alerts_arrows_2.02.mq4,.mq4,indicator,,MQL5Activations,18486,https://t.me/MQL5Activations/18486
Deriv Boom Crash BOT.ex5,.ex5,expert_ea,,MQL5Activations,18444,https://t.me/MQL5Activations/18444
Devtube_fix_1420.ex4,.ex4,unclassified,,MQL5Activations,19921,https://t.me/MQL5Activations/19921
Diamond Titan FX AmaloAdmin.ex4,.ex4,unclassified,,MQL5Activations,20121,https://t.me/MQL5Activations/20121
Diamond Titan FX MT4.zip,.zip,unclassified,,MQL5Activations,20110,https://t.me/MQL5Activations/20110
DIDI Index MTF.mq4,.mq4,unclassified,,MQL5Activations,19052,https://t.me/MQL5Activations/19052
Diff ZScore 2 pairs.mq4,.mq4,unclassified,,MQL5Activations,18949,https://t.me/MQL5Activations/18949
Digital 123Pattern.mq4,.mq4,unclassified,,MQL5Activations,19160,https://t.me/MQL5Activations/19160
Digital 30 MASHEK PODVAL.mq4,.mq4,unclassified,,MQL5Activations,18833,https://t.me/MQL5Activations/18833
Digital ADR Calc_mod.mq4,.mq4,unclassified,,MQL5Activations,19161,https://t.me/MQL5Activations/19161
Digital ADX Crossing 2.mq4,.mq4,unclassified,,MQL5Activations,19162,https://t.me/MQL5Activations/19162
Digital Buy Sell Arrow.mq4,.mq4,indicator,,MQL5Activations,19163,https://t.me/MQL5Activations/19163
Digital BuySell ZONE.mq4,.mq4,unclassified,,MQL5Activations,18843,https://t.me/MQL5Activations/18843
Digital Caixxa MOD TF.mq4,.mq4,unclassified,,MQL5Activations,18841,https://t.me/MQL5Activations/18841
Digital CandleAbsoluteStrengthTrend.mq4,.mq4,indicator,trend_following,MQL5Activations,19211,https://t.me/MQL5Activations/19211
Digital F-52 NO repaint.mq4,.mq4,unclassified,,MQL5Activations,18842,https://t.me/MQL5Activations/18842
Digital FAST TMA LINE.mq4,.mq4,indicator,trend_following,MQL5Activations,19184,https://t.me/MQL5Activations/19184
Digital HMA TRICOLOR ZERO Alert NO-REPAINT.mq4,.mq4,unclassified,trend_following,MQL5Activations,19207,https://t.me/MQL5Activations/19207
Digital HULL & Alerts & Arrows.mq4,.mq4,indicator,,MQL5Activations,18707,https://t.me/MQL5Activations/18707
Digital HULL OHLC Candle TT.mq4,.mq4,unclassified,,MQL5Activations,18708,https://t.me/MQL5Activations/18708
Digital Level123.mq4,.mq4,unclassified,,MQL5Activations,19164,https://t.me/MQL5Activations/19164
Digital MA2Color.mq4,.mq4,unclassified,,MQL5Activations,19171,https://t.me/MQL5Activations/19171
Digital MarketProfile vPOC.mq4,.mq4,unclassified,,MQL5Activations,19173,https://t.me/MQL5Activations/19173
Digital Murrey Math Line RUS.mq4,.mq4,unclassified,,MQL5Activations,19186,https://t.me/MQL5Activations/19186
Digital OBOS ZZ.mq4,.mq4,unclassified,,MQL5Activations,19168,https://t.me/MQL5Activations/19168
Digital Price Channel MOD.mq4,.mq4,indicator,,MQL5Activations,18547,https://t.me/MQL5Activations/18547
Digital SupDem CHANNEL.mq4,.mq4,indicator,,MQL5Activations,19167,https://t.me/MQL5Activations/19167
Digital SupDemMOD.mq4,.mq4,unclassified,,MQL5Activations,19169,https://t.me/MQL5Activations/19169
Digital Swing Alert 1.mq4,.mq4,unclassified,,MQL5Activations,19170,https://t.me/MQL5Activations/19170
Digital X-DAILY TARGETS.mq4,.mq4,unclassified,,MQL5Activations,18720,https://t.me/MQL5Activations/18720
Digital XO123M.mq4,.mq4,unclassified,,MQL5Activations,19165,https://t.me/MQL5Activations/19165
Digital ZZ Arrow NO REPAINT.mq4,.mq4,indicator,,MQL5Activations,19209,https://t.me/MQL5Activations/19209
Digitel FLET ColorMOD.mq4,.mq4,unclassified,,MQL5Activations,19166,https://t.me/MQL5Activations/19166
Disparity Index.mq4,.mq4,unclassified,,MQL5Activations,18864,https://t.me/MQL5Activations/18864
Disparity_Oscillator.mq4,.mq4,indicator,,MQL5Activations,19158,https://t.me/MQL5Activations/19158
Divergence Trading.zip,.zip,indicator,,MQL5Activations,20129,https://t.me/MQL5Activations/20129
Divergence_for_Many_Indicators_v46updatek.mq4,.mq4,indicator,,MQL5Activations,19714,https://t.me/MQL5Activations/19714
Divergence_V1.1_CCI.mq4,.mq4,indicator,,MQL5Activations,20827,https://t.me/MQL5Activations/20827
Divergence_V1.1_CCI@LifeInDreamsWorld.mq4,.mq4,indicator,,MQL5Activations,20796,https://t.me/MQL5Activations/20796
Doji Detect.mq4,.mq4,unclassified,,MQL5Activations,19769,https://t.me/MQL5Activations/19769
doji_arrows.mq4,.mq4,indicator,,MQL5Activations,19764,https://t.me/MQL5Activations/19764
Dollar Bank @LifeInDreamsWorld.ex4,.ex4,unclassified,,MQL5Activations,21059,https://t.me/MQL5Activations/21059
Dollar_Index.mq4,.mq4,unclassified,,MQL5Activations,18838,https://t.me/MQL5Activations/18838
DONCHIAN CHANNEL(1).mq4,.mq4,indicator,,MQL5Activations,19603,https://t.me/MQL5Activations/19603
donchian-channel_smoothed.mq4,.mq4,indicator,,MQL5Activations,19841,https://t.me/MQL5Activations/19841
Donchian_Channel.mq4,.mq4,indicator,,MQL5Activations,19607,https://t.me/MQL5Activations/19607
DonchianArrow@LifeInDreamsWorld.ex4,.ex4,indicator,,MQL5Activations,20630,https://t.me/MQL5Activations/20630
DonchianBreakout.mq4,.mq4,unclassified,breakout,MQL5Activations,18960,https://t.me/MQL5Activations/18960
DonchianBreakoutSystem_v1.1.2 600+.mq4,.mq4,unclassified,breakout,MQL5Activations,19000,https://t.me/MQL5Activations/19000
DonHits_8.0_nodll_1420.ex4,.ex4,unclassified,,MQL5Activations,19966,https://t.me/MQL5Activations/19966
Double Smoothed Stochastic.mq4,.mq4,unclassified,,MQL5Activations,18853,https://t.me/MQL5Activations/18853
Double_CCI_with_SMA_vbobslow_VK_&_Cross_alert_+_arrows_+_mtf_mod.mq4,.mq4,indicator,,MQL5Activations,19816,https://t.me/MQL5Activations/19816
Drawdown-Closer.ex4,.ex4,script,,MQL5Activations,20149,https://t.me/MQL5Activations/20149
Dream EA.mq4,.mq4,expert_ea,,MQL5Activations,18696,https://t.me/MQL5Activations/18696
DSS Bressert_TRO_MODIFIED_VERSION.mq4,.mq4,indicator,,MQL5Activations,18610,https://t.me/MQL5Activations/18610
DT_ZZ_alerts rus.mq4,.mq4,unclassified,,MQL5Activations,19053,https://t.me/MQL5Activations/19053
dual stoch - divergences 2.1 (alerts).mq4,.mq4,indicator,,MQL5Activations,18773,https://t.me/MQL5Activations/18773
DuettoFX for MT4 @indicatorsmt5mt4.zip,.zip,indicator,,MQL5Activations,20013,https://t.me/MQL5Activations/20013
DUTY ARROW @LifeInDreamsWorld.zip,.zip,indicator,,MQL5Activations,20892,https://t.me/MQL5Activations/20892
Dvemashki Indicator MT4 indicator @indicatorsmt5mt4.zip,.zip,indicator,,MQL5Activations,20003,https://t.me/MQL5Activations/20003
DYNAMIC Breakout Daily Range_v10 b.mq4,.mq4,unclassified,breakout,MQL5Activations,18479,https://t.me/MQL5Activations/18479
Dynamic cycle explorer.mq4,.mq4,unclassified,,MQL5Activations,19019,https://t.me/MQL5Activations/19019
Dynamic RSI gr.mq4,.mq4,indicator,,MQL5Activations,19504,https://t.me/MQL5Activations/19504
Dynamic zone ab RSI of MACD nmc.mq4,.mq4,indicator,,MQL5Activations,18643,https://t.me/MQL5Activations/18643
DynamicCycleExplorer.mq4,.mq4,unclassified,,MQL5Activations,19144,https://t.me/MQL5Activations/19144
DynamicMargin.mq4,.mq4,unclassified,,MQL5Activations,19862,https://t.me/MQL5Activations/19862
Dynamix27 TT.mq4,.mq4,unclassified,,MQL5Activations,19087,https://t.me/MQL5Activations/19087
DZvalue_chart_from_mladen.mq4,.mq4,unclassified,,MQL5Activations,18835,https://t.me/MQL5Activations/18835
E-blan.mq4,.mq4,unclassified,,MQL5Activations,19757,https://t.me/MQL5Activations/19757
e-CloseByProfit_Magic.mq4,.mq4,unclassified,,MQL5Activations,18928,https://t.me/MQL5Activations/18928
e-ScreenShotSEK[old].mq4,.mq4,unclassified,,MQL5Activations,19701,https://t.me/MQL5Activations/19701
EA 2050 Pro .mq4,.mq4,expert_ea,,MQL5Activations,21186,https://t.me/MQL5Activations/21186
EA 2050 Pro@LifeInDreamsWorld .mq4,.mq4,expert_ea,,MQL5Activations,21187,https://t.me/MQL5Activations/21187
EA Asisten@LifeInDreamsWorld.ex4,.ex4,expert_ea,,MQL5Activations,21150,https://t.me/MQL5Activations/21150
EA Averaging Marti.ex5,.ex5,expert_ea,martingale,MQL5Activations,20730,https://t.me/MQL5Activations/20730
EA Bintang.mq4,.mq4,expert_ea,,MQL5Activations,19359,https://t.me/MQL5Activations/19359
EA Black Dragon 10.0.ex4,.ex4,expert_ea,,MQL5Activations,20127,https://t.me/MQL5Activations/20127
EA Black Dragon MT5 V13@LifeInDreamsWorld.ex5,.ex5,expert_ea,,MQL5Activations,21064,https://t.me/MQL5Activations/21064
EA Black Dragon_v8_fix.ex4,.ex4,expert_ea,,MQL5Activations,18433,https://t.me/MQL5Activations/18433
EA Brilliant Pro 4.2 MT4.ex4,.ex4,expert_ea,,MQL5Activations,18454,https://t.me/MQL5Activations/18454
Ea Celak Mekeber.ex4,.ex4,expert_ea,,MQL5Activations,20742,https://t.me/MQL5Activations/20742
EA Close All Buy-Sell@LifeInDreamsWorld.ex4,.ex4,expert_ea,,MQL5Activations,21151,https://t.me/MQL5Activations/21151
EA Crypto Hunter- New Version 8.5.7@LifeInDreamsWorld.mq4,.mq4,expert_ea,,MQL5Activations,20812,https://t.me/MQL5Activations/20812
EA Fake SuperTrendProfit.ex4,.ex4,expert_ea,trend_following,MQL5Activations,21029,https://t.me/MQL5Activations/21029
EA Fake SuperTrendProfit@LifeInDreamsWorld.ex4,.ex4,expert_ea,trend_following,MQL5Activations,21154,https://t.me/MQL5Activations/21154
EA GOLD STUF-.1420 .ex4,.ex4,expert_ea,,MQL5Activations,19902,https://t.me/MQL5Activations/19902
EA Gold Stuff v.7 1420+.zip,.zip,expert_ea,,MQL5Activations,20764,https://t.me/MQL5Activations/20764
EA GT-X.ex4,.ex4,expert_ea,,MQL5Activations,21108,https://t.me/MQL5Activations/21108
EA HOPE V1.20_fix@LifeInDreamsWorld.ex4,.ex4,expert_ea,,MQL5Activations,21210,https://t.me/MQL5Activations/21210
EA Ice Cube Scalper V3.3 MT4 1420+ UNLIMITED.zip,.zip,expert_ea,scalping,MQL5Activations,18424,https://t.me/MQL5Activations/18424
EA Ice Cube Scalper_fix.ex4,.ex4,expert_ea,scalping,MQL5Activations,20001,https://t.me/MQL5Activations/20001
Ea New Way Mt4 (1421).zip,.zip,expert_ea,,MQL5Activations,19998,https://t.me/MQL5Activations/19998
EA New Way MT4.ex4,.ex4,expert_ea,,MQL5Activations,18446,https://t.me/MQL5Activations/18446
EA News Impact.mq4,.mq4,expert_ea,news,MQL5Activations,19330,https://t.me/MQL5Activations/19330
EA Nf12 Forex News Hunter MT4.zip,.zip,expert_ea,news,MQL5Activations,18907,https://t.me/MQL5Activations/18907
EA Padu Viral V1.00_fix_fix (2).ex4,.ex4,expert_ea,,MQL5Activations,20931,https://t.me/MQL5Activations/20931
EA Perkasa v2.05.ex4,.ex4,expert_ea,,MQL5Activations,20049,https://t.me/MQL5Activations/20049
EA Perkasa v2.08.ex4,.ex4,expert_ea,,MQL5Activations,20048,https://t.me/MQL5Activations/20048
EA Perwira v2.00.ex4,.ex4,expert_ea,,MQL5Activations,20051,https://t.me/MQL5Activations/20051
EA RB MoI v.4.5.2.zip,.zip,expert_ea,,MQL5Activations,20096,https://t.me/MQL5Activations/20096
EA RB MoI v.5.4.2.zip,.zip,expert_ea,,MQL5Activations,21041,https://t.me/MQL5Activations/21041
EA Rekam Mines.ex4,.ex4,expert_ea,,MQL5Activations,21066,https://t.me/MQL5Activations/21066
EA SCALP RENKO v2.3.ex4,.ex4,expert_ea,scalping,MQL5Activations,20868,https://t.me/MQL5Activations/20868
EA SCALP RENKO v2.3@LifeInDreamsWorld.ex4,.ex4,expert_ea,scalping,MQL5Activations,20962,https://t.me/MQL5Activations/20962
EA Sejuta Umat v1.mq4,.mq4,expert_ea,,MQL5Activations,18441,https://t.me/MQL5Activations/18441
EA Skynet_fix.ex4,.ex4,expert_ea,,MQL5Activations,20153,https://t.me/MQL5Activations/20153
EA Smart Hedging Gold TR v5.1.ex4,.ex4,expert_ea,grid,MQL5Activations,20732,https://t.me/MQL5Activations/20732
EA STC V2_fix.ex4,.ex4,expert_ea,,MQL5Activations,19894,https://t.me/MQL5Activations/19894
EA SUPER YUMNAA_UNLIMITED_fix.ex4,.ex4,expert_ea,,MQL5Activations,19909,https://t.me/MQL5Activations/19909
EA Ticker AI Gold @LifeInDreamsWorld- One Shot TP SL.ex4,.ex4,expert_ea,scalping|ai_ml,MQL5Activations,21153,https://t.me/MQL5Activations/21153
EA Trade Scalper Supernova@LifeInDreamsWorld.ex4,.ex4,expert_ea,scalping,MQL5Activations,21063,https://t.me/MQL5Activations/21063
Ea-Tesshinso.mq4,.mq4,expert_ea,,MQL5Activations,19320,https://t.me/MQL5Activations/19320
ea_AdaptTS_v10_Ron.mq4,.mq4,expert_ea,,MQL5Activations,18573,https://t.me/MQL5Activations/18573
EA_CLPPR.ex4,.ex4,expert_ea,,MQL5Activations,20969,https://t.me/MQL5Activations/20969
EA_Golden_Moon_V7_fix.ex4,.ex4,expert_ea,,MQL5Activations,19897,https://t.me/MQL5Activations/19897
EA_Golden_Moon_V7_fix_1420.ex4,.ex4,expert_ea,,MQL5Activations,19916,https://t.me/MQL5Activations/19916
EA_HalfTrend.mq4,.mq4,expert_ea,trend_following,MQL5Activations,19433,https://t.me/MQL5Activations/19433
EA_Mustang_v_3.3_fix.ex4,.ex4,expert_ea,,MQL5Activations,20061,https://t.me/MQL5Activations/20061
EA_QuickProfit(Trendfilter) SlTP.zip,.zip,expert_ea,trend_following,MQL5Activations,21132,https://t.me/MQL5Activations/21132
EA_Tundra_v02.mq4,.mq4,expert_ea,,MQL5Activations,19678,https://t.me/MQL5Activations/19678
EA_Two Rockers_01@LifeInDreamsWorld.ex4,.ex4,expert_ea,,MQL5Activations,20920,https://t.me/MQL5Activations/20920
EA_XO_107-1@LifeInDreamsWorld.zip,.zip,expert_ea,,MQL5Activations,20800,https://t.me/MQL5Activations/20800
EAServant12_Avg+..mq4,.mq4,expert_ea,,MQL5Activations,19354,https://t.me/MQL5Activations/19354
EasyBooster_USDJPY_M1_ver1.01_Type02_fix_1420.ex4,.ex4,expert_ea,scalping,MQL5Activations,19899,https://t.me/MQL5Activations/19899
EasyFibo_1.6.ex4,.ex4,expert_ea,,MQL5Activations,20178,https://t.me/MQL5Activations/20178
EasyMoney XRay Robot_fix_1420.ex4,.ex4,expert_ea,,MQL5Activations,19931,https://t.me/MQL5Activations/19931
EasyMoney XRay Robot_fix_fix.ex4,.ex4,expert_ea,,MQL5Activations,19913,https://t.me/MQL5Activations/19913
EasyTrendVisualizer.mq4,.mq4,expert_ea,trend_following,MQL5Activations,18494,https://t.me/MQL5Activations/18494
edu.ex4,.ex4,unclassified,,MQL5Activations,20055,https://t.me/MQL5Activations/20055
eForwardMoving_v2.2.mq4,.mq4,unclassified,,MQL5Activations,19707,https://t.me/MQL5Activations/19707
Ehlers Fisher transform 2.5.mq4,.mq4,unclassified,,MQL5Activations,19845,https://t.me/MQL5Activations/19845
Ehlers Fisher transform e alerts 2 _ mtf nmc.mq4,.mq4,unclassified,,MQL5Activations,19847,https://t.me/MQL5Activations/19847
ehlers fisher transform histo mtf.mq4,.mq4,unclassified,,MQL5Activations,19849,https://t.me/MQL5Activations/19849
Eklatan EA 1420 Fix MT4.zip,.zip,expert_ea,,MQL5Activations,19964,https://t.me/MQL5Activations/19964
eklatan_fix 1420.ex4,.ex4,unclassified,,MQL5Activations,19905,https://t.me/MQL5Activations/19905
elder-impulse-system.mq4,.mq4,unclassified,,MQL5Activations,18803,https://t.me/MQL5Activations/18803
elderss_market_thermometer_Alert@LifeInDreamsWorld.ex4,.ex4,unclassified,,MQL5Activations,20628,https://t.me/MQL5Activations/20628
Elevator Robot PV1.1.ex5,.ex5,expert_ea,,MQL5Activations,20086,https://t.me/MQL5Activations/20086
Elise FX_fix_1420.ex4,.ex4,unclassified,,MQL5Activations,19922,https://t.me/MQL5Activations/19922
Elite Forex Scalper v6.20_fix_1420.ex4,.ex4,expert_ea,scalping,MQL5Activations,19918,https://t.me/MQL5Activations/19918
Elite Tactics_demo_fix_1420.ex4,.ex4,unclassified,,MQL5Activations,19924,https://t.me/MQL5Activations/19924
Elite_eFibo_Trader_v2_1.mq4,.mq4,indicator,,MQL5Activations,19009,https://t.me/MQL5Activations/19009
Elliot oscillator - waves 1.02.mq4,.mq4,indicator,,MQL5Activations,19811,https://t.me/MQL5Activations/19811
elliot-wave-confirmation.mq4,.mq4,unclassified,,MQL5Activations,19098,https://t.me/MQL5Activations/19098
Elliots Target.mq4,.mq4,unclassified,,MQL5Activations,18478,https://t.me/MQL5Activations/18478
EMA 5 10 34 Crossoverl.mq4,.mq4,unclassified,trend_following,MQL5Activations,18495,https://t.me/MQL5Activations/18495
"EMA 5,6 Crossover.mq4",.mq4,unclassified,trend_following,MQL5Activations,18496,https://t.me/MQL5Activations/18496
ema-crossover_signal.mq4,.mq4,indicator,,MQL5Activations,19387,https://t.me/MQL5Activations/19387
ema-crossover_signal_1.mq4,.mq4,indicator,,MQL5Activations,19389,https://t.me/MQL5Activations/19389
ema-crossover_signal_alert.mq4,.mq4,indicator,,MQL5Activations,19386,https://t.me/MQL5Activations/19386
EMA_CROSS_2_RonModV7a.mq4,.mq4,unclassified,,MQL5Activations,18587,https://t.me/MQL5Activations/18587
EMA_CROSS_2_RonModV7mini.mq4,.mq4,unclassified,,MQL5Activations,18590,https://t.me/MQL5Activations/18590
EMA_Cross__SES__BDv8_12_31.mq4,.mq4,unclassified,,MQL5Activations,18701,https://t.me/MQL5Activations/18701
EMA_CROSS_CONTEST_HEDGED.mq4,.mq4,unclassified,grid,MQL5Activations,18589,https://t.me/MQL5Activations/18589
EMA_CROSS_Derk_v01.mq4,.mq4,unclassified,,MQL5Activations,18588,https://t.me/MQL5Activations/18588
Engulfing Pattern Indicator.mq4,.mq4,indicator,,MQL5Activations,19203,https://t.me/MQL5Activations/19203
Engulfing Bar Alert v1.2.mq4,.mq4,unclassified,,MQL5Activations,19154,https://t.me/MQL5Activations/19154
Engulfing.mq4,.mq4,unclassified,,MQL5Activations,19131,https://t.me/MQL5Activations/19131
engulfonly1.mq4,.mq4,unclassified,,MQL5Activations,18541,https://t.me/MQL5Activations/18541
Entry Points Pro INDICATOR.ex4,.ex4,indicator,,MQL5Activations,20101,https://t.me/MQL5Activations/20101
Envelope 2.1.mq4,.mq4,unclassified,,MQL5Activations,18592,https://t.me/MQL5Activations/18592
Envelope 2.11(23SEP05).mq4,.mq4,unclassified,,MQL5Activations,18591,https://t.me/MQL5Activations/18591
Envelope 2.11.mq4,.mq4,unclassified,,MQL5Activations,18593,https://t.me/MQL5Activations/18593
Envelope 2.mq4,.mq4,unclassified,,MQL5Activations,18594,https://t.me/MQL5Activations/18594
Equity Graph Go HomeV2.mq4,.mq4,unclassified,,MQL5Activations,18571,https://t.me/MQL5Activations/18571
Equity-Monitor.ex4,.ex4,panel_dashboard,,MQL5Activations,21135,https://t.me/MQL5Activations/21135
EquityGuard1.2c.mq4,.mq4,unclassified,,MQL5Activations,19033,https://t.me/MQL5Activations/19033
ERXGen MultiCurrency Trader v1.6@LifeInDreamsWorld.ex4,.ex4,unclassified,,MQL5Activations,20675,https://t.me/MQL5Activations/20675
ET9 MT4@LifeInDreamsWorld.ex4,.ex4,unclassified,,MQL5Activations,21175,https://t.me/MQL5Activations/21175
eur gbp ranger ex Little Martingale V1.131.mq4,.mq4,unclassified,martingale|breakout,MQL5Activations,19337,https://t.me/MQL5Activations/19337
EURJPY Special _Scalper.ex4,.ex4,expert_ea,scalping,MQL5Activations,20990,https://t.me/MQL5Activations/20990
Euro Scalper.mq4,.mq4,expert_ea,scalping,MQL5Activations,18483,https://t.me/MQL5Activations/18483
Evening Scalper Pro v2.51_fix_1420.ex4,.ex4,expert_ea,scalping,MQL5Activations,19972,https://t.me/MQL5Activations/19972
Evgeny_Belyaevв_«arrow_last_update_29_03_2017_обновленный.mq4,.mq4,indicator,,MQL5Activations,19569,https://t.me/MQL5Activations/19569
EX4 to MQ4 Free Store Decompiler 3.72.ex4,.ex4,unclassified,,MQL5Activations,18804,https://t.me/MQL5Activations/18804
EXECUTIONER Boom And Crash .ex5,.ex5,unclassified,,MQL5Activations,20867,https://t.me/MQL5Activations/20867
EXP _ COPYLOT_Client_MT4.ex4,.ex4,unclassified,,MQL5Activations,20620,https://t.me/MQL5Activations/20620
EXP _ COPYLOT_Master_MT4.ex4,.ex4,unclassified,,MQL5Activations,20619,https://t.me/MQL5Activations/20619
exp iCustom new.mq4,.mq4,unclassified,,MQL5Activations,19818,https://t.me/MQL5Activations/19818
EXP5 _ COPYLOT_Client_MT5.ex5,.ex5,unclassified,,MQL5Activations,20622,https://t.me/MQL5Activations/20622
EXP5 _ COPYLOT_Master_MT5.ex5,.ex5,unclassified,,MQL5Activations,20621,https://t.me/MQL5Activations/20621
EXP5 _ COPYLOT_Master_MT5@LifeInDreamsWorld.ex5,.ex5,unclassified,,MQL5Activations,20823,https://t.me/MQL5Activations/20823
exp_iCustom_v11.mq4,.mq4,unclassified,,MQL5Activations,19496,https://t.me/MQL5Activations/19496
Expert Breakout n Indicators@LifeInDreamsWorld.zip,.zip,expert_ea,breakout,MQL5Activations,20784,https://t.me/MQL5Activations/20784
Expert Martingle@LifeInDreamsWorld.zip,.zip,expert_ea,martingale,MQL5Activations,20782,https://t.me/MQL5Activations/20782
Explosive Reversal-indicator MT4 indicator @indicatorsmt5mt4.zip,.zip,indicator,mean_reversion,MQL5Activations,20759,https://t.me/MQL5Activations/20759
Explosive Reversal-indicator@LifeInDreamsWorld.ex4,.ex4,indicator,mean_reversion,MQL5Activations,20631,https://t.me/MQL5Activations/20631
Extreme_Spike-123.mq4,.mq4,unclassified,,MQL5Activations,18934,https://t.me/MQL5Activations/18934
Extreme_Spike.mq4,.mq4,unclassified,,MQL5Activations,18893,https://t.me/MQL5Activations/18893
Extremum.mq4,.mq4,unclassified,,MQL5Activations,19874,https://t.me/MQL5Activations/19874
extremums_byVlad.mq4,.mq4,unclassified,,MQL5Activations,21191,https://t.me/MQL5Activations/21191
EZ_HFT @LifeInDreamsWorld.ex4,.ex4,unclassified,scalping,MQL5Activations,20815,https://t.me/MQL5Activations/20815
EZ_HFT @SoftechFX_Robot.ex4,.ex4,expert_ea,scalping,MQL5Activations,20781,https://t.me/MQL5Activations/20781
EZ_HFT@LifeInDreamsWorld.ex4,.ex4,unclassified,scalping,MQL5Activations,21062,https://t.me/MQL5Activations/21062
EZ_HFT_.ex4,.ex4,unclassified,scalping,MQL5Activations,20778,https://t.me/MQL5Activations/20778
F.B.C INCEPTION V2.ex4,.ex4,unclassified,,MQL5Activations,20728,https://t.me/MQL5Activations/20728
FairValueGaps MT5 indicator @indicatorsmt5mt4.zip,.zip,indicator,,MQL5Activations,20113,https://t.me/MQL5Activations/20113
Fast Scalp Indicator_V6.0 MT5.zip,.zip,expert_ea,scalping,MQL5Activations,20645,https://t.me/MQL5Activations/20645
Fast Scalper.mq4,.mq4,expert_ea,scalping,MQL5Activations,18691,https://t.me/MQL5Activations/18691
FastTMALine_MTF.mq4,.mq4,indicator,,MQL5Activations,19530,https://t.me/MQL5Activations/19530
FDM Buy Sell Pressure.mq4,.mq4,unclassified,,MQL5Activations,19210,https://t.me/MQL5Activations/19210
FDM Oscillator.mq4,.mq4,indicator,,MQL5Activations,19208,https://t.me/MQL5Activations/19208
FEMI Trailing stop.mq4,.mq4,unclassified,,MQL5Activations,19321,https://t.me/MQL5Activations/19321
FenixIAGeneration@LifeInDreamsWorld.ex4,.ex4,unclassified,,MQL5Activations,21078,https://t.me/MQL5Activations/21078
Fibo Pivot Expert Advisor.mq4,.mq4,expert_ea,,MQL5Activations,19327,https://t.me/MQL5Activations/19327
Fibo Trade Zone Signals MT4.ex4,.ex4,indicator,,MQL5Activations,20965,https://t.me/MQL5Activations/20965
Fibo Trade Zone Signals MT4@LifeInDreamsWorld (2).ex4,.ex4,indicator,,MQL5Activations,20694,https://t.me/MQL5Activations/20694
Fibo Trade Zone Signals MT4@LifeInDreamsWorld.ex4,.ex4,indicator,,MQL5Activations,20695,https://t.me/MQL5Activations/20695
Fibo_auto.mq4,.mq4,indicator,,MQL5Activations,19602,https://t.me/MQL5Activations/19602
fibo_s 600+.mq4,.mq4,indicator,,MQL5Activations,18881,https://t.me/MQL5Activations/18881
FiboBars_3.mq4,.mq4,indicator,,MQL5Activations,19044,https://t.me/MQL5Activations/19044
fibocalc1.mq4,.mq4,indicator,,MQL5Activations,19491,https://t.me/MQL5Activations/19491
FiboFan_8_TRO_MODIFIED_VERSION.mq4,.mq4,indicator,,MQL5Activations,18990,https://t.me/MQL5Activations/18990
fibonacci automatico MT5 Indicator @indicatorsmt5mt4.zip,.zip,indicator,,MQL5Activations,20114,https://t.me/MQL5Activations/20114
Fibonacci_Fan.mq4,.mq4,indicator,,MQL5Activations,18901,https://t.me/MQL5Activations/18901
FiboSequenceMTF 600+.mq4,.mq4,indicator,,MQL5Activations,18950,https://t.me/MQL5Activations/18950
Filter CCI.mq4,.mq4,unclassified,,MQL5Activations,18845,https://t.me/MQL5Activations/18845
FILTER-EXTRA.mq4,.mq4,unclassified,,MQL5Activations,19048,https://t.me/MQL5Activations/19048
Filtr 1.mq4,.mq4,unclassified,,MQL5Activations,18891,https://t.me/MQL5Activations/18891
Filtr.mq4,.mq4,unclassified,,MQL5Activations,18903,https://t.me/MQL5Activations/18903
FindLevels.mq4,.mq4,unclassified,,MQL5Activations,19683,https://t.me/MQL5Activations/19683
FIP@LifeInDreamsWorld.ex4,.ex4,unclassified,,MQL5Activations,20798,https://t.me/MQL5Activations/20798
Firebird v3[1].2-fixed.mq4,.mq4,unclassified,,MQL5Activations,19317,https://t.me/MQL5Activations/19317
Firebird_v0_60_deaz1.mq4,.mq4,unclassified,,MQL5Activations,19003,https://t.me/MQL5Activations/19003
Fisher_Liner_nrp(trueforex.pp.ua).mq4,.mq4,unclassified,,MQL5Activations,19616,https://t.me/MQL5Activations/19616
Fisher_no_repainting(trueforex.pp.ua).mq4,.mq4,unclassified,,MQL5Activations,19618,https://t.me/MQL5Activations/19618
Fisher_no_repainting.mq4,.mq4,unclassified,,MQL5Activations,19619,https://t.me/MQL5Activations/19619
Fisher_Yur4ik.mq4,.mq4,unclassified,,MQL5Activations,19614,https://t.me/MQL5Activations/19614
Fisher_Yur4ik_Correct - alert.mq4,.mq4,unclassified,,MQL5Activations,19613,https://t.me/MQL5Activations/19613
Fisher_Yur4ik_Correct_One(trueforex.pp.ua).mq4,.mq4,unclassified,,MQL5Activations,19612,https://t.me/MQL5Activations/19612
FishingZZ_light.mq4,.mq4,unclassified,,MQL5Activations,18789,https://t.me/MQL5Activations/18789
FL23_Decompil.mq4,.mq4,unclassified,,MQL5Activations,18487,https://t.me/MQL5Activations/18487
Flat Pulse MT4 indicator @indicatorsmt5mt4 (2).zip,.zip,indicator,,MQL5Activations,20016,https://t.me/MQL5Activations/20016
Flat Trend.v1.0.mq4,.mq4,indicator,trend_following,MQL5Activations,19252,https://t.me/MQL5Activations/19252
Flat--.mq4,.mq4,unclassified,,MQL5Activations,19878,https://t.me/MQL5Activations/19878
flat-trend-smc-indicator.mq4,.mq4,indicator,trend_following,MQL5Activations,19249,https://t.me/MQL5Activations/19249
Flat.mq4,.mq4,unclassified,,MQL5Activations,19877,https://t.me/MQL5Activations/19877
Flat_Ind_v01.mq4,.mq4,unclassified,,MQL5Activations,19880,https://t.me/MQL5Activations/19880
Flat_Pulse.mq4,.mq4,unclassified,,MQL5Activations,19879,https://t.me/MQL5Activations/19879
Flat_Trend.mq4,.mq4,indicator,trend_following,MQL5Activations,19881,https://t.me/MQL5Activations/19881
Flat_Trend_MOM.mq4,.mq4,indicator,trend_following,MQL5Activations,19882,https://t.me/MQL5Activations/19882
Flat_Trend_RSI.mq4,.mq4,indicator,trend_following,MQL5Activations,19644,https://t.me/MQL5Activations/19644
FlatStream.mq4,.mq4,unclassified,,MQL5Activations,19883,https://t.me/MQL5Activations/19883
FlatTrend.mq4,.mq4,indicator,trend_following,MQL5Activations,19885,https://t.me/MQL5Activations/19885
FlatTrend_SMC_modified.mq4,.mq4,indicator,trend_following,MQL5Activations,19884,https://t.me/MQL5Activations/19884
flet stock.mq4,.mq4,unclassified,,MQL5Activations,19068,https://t.me/MQL5Activations/19068
Flexi_bars_swing_v2.mq4,.mq4,unclassified,,MQL5Activations,19026,https://t.me/MQL5Activations/19026
FLIP_BOT_fix@free_fx_pro.ex4,.ex4,expert_ea,,MQL5Activations,20081,https://t.me/MQL5Activations/20081
FlyBot EA 2.0.mq4,.mq4,expert_ea,,MQL5Activations,18694,https://t.me/MQL5Activations/18694
FlyBot EA.mq4,.mq4,expert_ea,,MQL5Activations,18695,https://t.me/MQL5Activations/18695
Force Histo mtf 2.mq4,.mq4,unclassified,,MQL5Activations,19547,https://t.me/MQL5Activations/19547
Force Index mtf.mq4,.mq4,unclassified,,MQL5Activations,19546,https://t.me/MQL5Activations/19546
Force_Index.mq4,.mq4,unclassified,,MQL5Activations,19550,https://t.me/MQL5Activations/19550
Force_Index_Signals_v3.2.mq4,.mq4,indicator,,MQL5Activations,19544,https://t.me/MQL5Activations/19544
forecast osc-30M.mq4,.mq4,unclassified,,MQL5Activations,18862,https://t.me/MQL5Activations/18862
forex cash cow - mm.mq4,.mq4,unclassified,,MQL5Activations,19340,https://t.me/MQL5Activations/19340
Forex Cyborg Pro.mq4,.mq4,unclassified,,MQL5Activations,19356,https://t.me/MQL5Activations/19356
Forex Cybory Darwinex.mq4,.mq4,unclassified,,MQL5Activations,19360,https://t.me/MQL5Activations/19360
forex dashboard_1b.mq4,.mq4,panel_dashboard,,MQL5Activations,18753,https://t.me/MQL5Activations/18753
Forex Distance.mq4,.mq4,unclassified,,MQL5Activations,18644,https://t.me/MQL5Activations/18644
FOREX ENTRY POINT.mq4,.mq4,unclassified,,MQL5Activations,18993,https://t.me/MQL5Activations/18993
FOREX GOLD EA Working @SoftechFX_Robot.ex5,.ex5,expert_ea,,MQL5Activations,21127,https://t.me/MQL5Activations/21127
FOREX GOLD EA (2).ex5,.ex5,expert_ea,,MQL5Activations,21123,https://t.me/MQL5Activations/21123
FOREX GOLD EA@LifeInDreamsWorld.ex5,.ex5,expert_ea,,MQL5Activations,20708,https://t.me/MQL5Activations/20708
Forex Hedge Scalper EA_fix_1420.ex4,.ex4,expert_ea,grid|scalping,MQL5Activations,19969,https://t.me/MQL5Activations/19969
Forex Luna Strategy-1.zip,.zip,unclassified,,MQL5Activations,20788,https://t.me/MQL5Activations/20788
Forex Mega-LLC V5.02@LifeInDreamsWorld.ex4,.ex4,unclassified,,MQL5Activations,21006,https://t.me/MQL5Activations/21006
FOREX METER.mq4,.mq4,unclassified,,MQL5Activations,18961,https://t.me/MQL5Activations/18961
FOREX MINER EA v6.0 MT4.zip,.zip,expert_ea,,MQL5Activations,21016,https://t.me/MQL5Activations/21016
Forex Miner EA V6.0_fix.ex4,.ex4,expert_ea,,MQL5Activations,21117,https://t.me/MQL5Activations/21117
Forex Robot Pro Delta_fix_1420.ex4,.ex4,expert_ea,,MQL5Activations,19941,https://t.me/MQL5Activations/19941
Forex Scalping EA _fix.ex4,.ex4,expert_ea,scalping,MQL5Activations,20723,https://t.me/MQL5Activations/20723
Forex Scalping EA.ex4,.ex4,expert_ea,scalping,MQL5Activations,18429,https://t.me/MQL5Activations/18429
Forex scalping indicator.mq4,.mq4,expert_ea,scalping,MQL5Activations,19376,https://t.me/MQL5Activations/19376
Forex trading bot ai_fix@LifeInDreamsWorld.ex4,.ex4,expert_ea,ai_ml,MQL5Activations,20651,https://t.me/MQL5Activations/20651
Forex truck.ex4,.ex4,unclassified,,MQL5Activations,20992,https://t.me/MQL5Activations/20992
forex-arrow-no-repaint.zip,.zip,indicator,,MQL5Activations,21137,https://t.me/MQL5Activations/21137
Forex-Flex-EA.mq4,.mq4,unclassified,,MQL5Activations,18542,https://t.me/MQL5Activations/18542
Forex-TSD. MehranAlman Part1-part5_075120.zip,.zip,unclassified,,MQL5Activations,20111,https://t.me/MQL5Activations/20111
forex50pips.mq4,.mq4,unclassified,,MQL5Activations,18776,https://t.me/MQL5Activations/18776
Forex_goile_mod_W.mq4,.mq4,unclassified,,MQL5Activations,18782,https://t.me/MQL5Activations/18782
Forex_Robotron_v22_fix_1420.ex4,.ex4,expert_ea,,MQL5Activations,19927,https://t.me/MQL5Activations/19927
forexbottrader.com Friday Pro MT4-1.6.zip,.zip,expert_ea,,MQL5Activations,20773,https://t.me/MQL5Activations/20773
ForexCracked.com-FOREXHUB-EA.zip,.zip,unclassified,,MQL5Activations,20056,https://t.me/MQL5Activations/20056
ForexCracked.com-XAUUSD-Trading-Robot_Update.zip,.zip,expert_ea,,MQL5Activations,19996,https://t.me/MQL5Activations/19996
ForexCurrencyIndex.mq4,.mq4,unclassified,,MQL5Activations,18666,https://t.me/MQL5Activations/18666
ForexFlare_Mt5_v2.ex5,.ex5,unclassified,,MQL5Activations,20067,https://t.me/MQL5Activations/20067
ForexFlareRobot.ex5,.ex5,expert_ea,,MQL5Activations,20080,https://t.me/MQL5Activations/20080
ForexGainCode_Absolute_Alerts.mq4,.mq4,unclassified,,MQL5Activations,19673,https://t.me/MQL5Activations/19673
ForexHacked25-EDU.mq4,.mq4,unclassified,,MQL5Activations,18522,https://t.me/MQL5Activations/18522
ForexHacked25-EDU@LifeInDreamsWorld.mq4,.mq4,unclassified,,MQL5Activations,20917,https://t.me/MQL5Activations/20917
ForexHub Non Repaint King.mq4,.mq4,unclassified,,MQL5Activations,18948,https://t.me/MQL5Activations/18948
ForexMission Full.mq4,.mq4,unclassified,,MQL5Activations,18543,https://t.me/MQL5Activations/18543
ForexMT4Systems_Cycle.mq4,.mq4,unclassified,,MQL5Activations,19574,https://t.me/MQL5Activations/19574
ForexOFFTrend indi 2@LifeInDreamsWorld.ex4,.ex4,indicator,trend_following,MQL5Activations,21158,https://t.me/MQL5Activations/21158
ForexOFFTrend indi 2@LifeInDreamsWorld.mq4,.mq4,indicator,trend_following,MQL5Activations,21155,https://t.me/MQL5Activations/21155
ForexOffTrend_Alert.mq4,.mq4,indicator,trend_following,MQL5Activations,19193,https://t.me/MQL5Activations/19193
Forexprofitsupreme Bars.mq4,.mq4,unclassified,,MQL5Activations,19381,https://t.me/MQL5Activations/19381
Forexprofitsupreme Signal.mq4,.mq4,indicator,,MQL5Activations,18703,https://t.me/MQL5Activations/18703
ForexRanger Signal~.mq4,.mq4,indicator,breakout,MQL5Activations,18861,https://t.me/MQL5Activations/18861
ForexReplicator_GBPUSD.mq4,.mq4,unclassified,,MQL5Activations,18506,https://t.me/MQL5Activations/18506
ForexTrendDetector_5.1_nodll_1420.ex4,.ex4,indicator,trend_following,MQL5Activations,19929,https://t.me/MQL5Activations/19929
FoZo System.mq4,.mq4,unclassified,,MQL5Activations,18812,https://t.me/MQL5Activations/18812
Fractal - channel breakout histo.mq4,.mq4,indicator,breakout,MQL5Activations,18752,https://t.me/MQL5Activations/18752
Fractal - channel breakout(1).mq4,.mq4,indicator,breakout,MQL5Activations,18932,https://t.me/MQL5Activations/18932
fractal-32-his-se-alert.mq4,.mq4,unclassified,,MQL5Activations,19414,https://t.me/MQL5Activations/19414
FractalLevel_Alarm(trueforex.pp.ua).mq4,.mq4,unclassified,,MQL5Activations,19820,https://t.me/MQL5Activations/19820
Fractals (Bill Williams).mq4,.mq4,unclassified,,MQL5Activations,18721,https://t.me/MQL5Activations/18721
fractals - adjustable period trend lines mtf.mq4,.mq4,indicator,trend_following,MQL5Activations,19253,https://t.me/MQL5Activations/19253
Fractals adjustable period alerts price average mtf.mq4,.mq4,unclassified,,MQL5Activations,19521,https://t.me/MQL5Activations/19521
fractals-adjustable-period-trend-break-v1.1.mq4,.mq4,indicator,trend_following,MQL5Activations,19229,https://t.me/MQL5Activations/19229
Fractals_adjustable_period_&_alerts_&_price_labels_mtf.mq4,.mq4,unclassified,,MQL5Activations,19518,https://t.me/MQL5Activations/19518
FractalsMD_v3.2 600+.mq4,.mq4,unclassified,,MQL5Activations,18711,https://t.me/MQL5Activations/18711
FractalSupportResistance button.mq4,.mq4,panel_dashboard,,MQL5Activations,19746,https://t.me/MQL5Activations/19746
FractalZigZagNoRepaint.mq4,.mq4,indicator,,MQL5Activations,19175,https://t.me/MQL5Activations/19175
FRAMA.mq4,.mq4,unclassified,,MQL5Activations,19520,https://t.me/MQL5Activations/19520
FrankoScalp V3.9 MT4 for 1420+ @SoftechFX_Robot.zip,.zip,expert_ea,scalping,MQL5Activations,20171,https://t.me/MQL5Activations/20171
Friend-3.mq4,.mq4,unclassified,,MQL5Activations,19624,https://t.me/MQL5Activations/19624
FRZ Indicator Automater MT4 v14.22.ex4,.ex4,indicator,,MQL5Activations,18407,https://t.me/MQL5Activations/18407
FRZ Indicator Automater v11.1_fix_fix.zip,.zip,indicator,,MQL5Activations,18439,https://t.me/MQL5Activations/18439
FS30 Gold System.zip,.zip,unclassified,,MQL5Activations,18916,https://t.me/MQL5Activations/18916
FT Gold Robot v5.4.ex4,.ex4,expert_ea,,MQL5Activations,20139,https://t.me/MQL5Activations/20139
FT_Dominator_Trend_Line_Signals.mq4,.mq4,indicator,trend_following,MQL5Activations,19115,https://t.me/MQL5Activations/19115
FTLM-STLMxAMm.mq4,.mq4,unclassified,,MQL5Activations,18609,https://t.me/MQL5Activations/18609
FundedEA Quantum V2.1 Beta_fix_@LifeInDreamsWorld.ex4,.ex4,expert_ea,ai_ml,MQL5Activations,20663,https://t.me/MQL5Activations/20663
FX _EA2023 (2)@LifeInDreamsWorld.ex4,.ex4,unclassified,,MQL5Activations,21050,https://t.me/MQL5Activations/21050
FX Blue - TradeCopy Receiver.ex4,.ex4,unclassified,,MQL5Activations,21013,https://t.me/MQL5Activations/21013
FX Blue - TradeCopy Sender.ex4,.ex4,unclassified,,MQL5Activations,21012,https://t.me/MQL5Activations/21012
FX FINEST 100% 1.ex4,.ex4,unclassified,,MQL5Activations,18436,https://t.me/MQL5Activations/18436
FX Sensei v6.0.zip,.zip,unclassified,,MQL5Activations,20144,https://t.me/MQL5Activations/20144
FX5 Fibospiral v1.2.mq4,.mq4,indicator,,MQL5Activations,18465,https://t.me/MQL5Activations/18465
FX5_FiboSpiral_v1_0.mq4,.mq4,indicator,,MQL5Activations,18958,https://t.me/MQL5Activations/18958
FX5_MACD_Divergence_V1_0.mq4,.mq4,indicator,,MQL5Activations,19779,https://t.me/MQL5Activations/19779
FX_Multi-Meter-2.mq4,.mq4,unclassified,,MQL5Activations,19099,https://t.me/MQL5Activations/19099
FX_Sniper's_Ergodic_CCI_Trigger@LifeInDreamsWorld.mq4,.mq4,unclassified,,MQL5Activations,20805,https://t.me/MQL5Activations/20805
FXcore100-GOLD-BUY_fix.ex4,.ex4,unclassified,,MQL5Activations,18442,https://t.me/MQL5Activations/18442
FXcore100-GOLD-SELL_fix.ex4,.ex4,unclassified,,MQL5Activations,18443,https://t.me/MQL5Activations/18443
FXCore100.mq4,.mq4,unclassified,,MQL5Activations,19363,https://t.me/MQL5Activations/19363
Fxcore100_BUY_fix.ex4,.ex4,unclassified,,MQL5Activations,20040,https://t.me/MQL5Activations/20040
Fxcore100_SELL_fix.ex4,.ex4,unclassified,,MQL5Activations,20041,https://t.me/MQL5Activations/20041
FXCOREGOLD V9 MQ4.mq4,.mq4,unclassified,,MQL5Activations,19226,https://t.me/MQL5Activations/19226
fxid_donchian.mq4,.mq4,unclassified,,MQL5Activations,20869,https://t.me/MQL5Activations/20869
fxid_fortress.ex4,.ex4,unclassified,,MQL5Activations,20872,https://t.me/MQL5Activations/20872
fxid_fortress.mq4,.mq4,unclassified,,MQL5Activations,20871,https://t.me/MQL5Activations/20871
fxid_movement.ex4,.ex4,unclassified,,MQL5Activations,20874,https://t.me/MQL5Activations/20874
fxid_movement.mq4,.mq4,unclassified,,MQL5Activations,20875,https://t.me/MQL5Activations/20875
fxid_scalptime.ex4,.ex4,expert_ea,scalping,MQL5Activations,20877,https://t.me/MQL5Activations/20877
fxid_scalptime.mq4,.mq4,expert_ea,scalping,MQL5Activations,20873,https://t.me/MQL5Activations/20873
fxid_trends.ex4,.ex4,indicator,trend_following,MQL5Activations,20876,https://t.me/MQL5Activations/20876
fxid_trends.mq4,.mq4,indicator,trend_following,MQL5Activations,20878,https://t.me/MQL5Activations/20878
FXINDICATOR.ex4,.ex4,indicator,,MQL5Activations,19997,https://t.me/MQL5Activations/19997
FXMachine V1.137@LifeInDreamsWorld.ex4,.ex4,unclassified,,MQL5Activations,21211,https://t.me/MQL5Activations/21211
FXMachine_fix.ex4,.ex4,unclassified,,MQL5Activations,20053,https://t.me/MQL5Activations/20053
FXRapidEA QUATTRO MT4@LifeInDreamsWorld.zip,.zip,expert_ea,,MQL5Activations,20806,https://t.me/MQL5Activations/20806
FXSmooth EURUSD.mq4,.mq4,unclassified,,MQL5Activations,19198,https://t.me/MQL5Activations/19198
FXSmooth Exit Indicator.mq4,.mq4,indicator,,MQL5Activations,19202,https://t.me/MQL5Activations/19202
FXSmooth GBPUSD.mq4,.mq4,unclassified,,MQL5Activations,19200,https://t.me/MQL5Activations/19200
FXSmooth USDCHF.mq4,.mq4,unclassified,,MQL5Activations,19201,https://t.me/MQL5Activations/19201
FXSmooth USDJPY.mq4,.mq4,unclassified,,MQL5Activations,19199,https://t.me/MQL5Activations/19199
FXVortex 2.0.zip,.zip,unclassified,,MQL5Activations,20790,https://t.me/MQL5Activations/20790
FZ ARROW EA 2.mq4,.mq4,expert_ea,,MQL5Activations,18987,https://t.me/MQL5Activations/18987
FZ CCI SKALPER.mq4,.mq4,unclassified,,MQL5Activations,19188,https://t.me/MQL5Activations/19188
FZ MultiSystem.mq4,.mq4,unclassified,,MQL5Activations,18989,https://t.me/MQL5Activations/18989
G12 Nas Robot v2.mq4,.mq4,expert_ea,,MQL5Activations,19349,https://t.me/MQL5Activations/19349
Gann System MT4 1420.zip,.zip,indicator,,MQL5Activations,20151,https://t.me/MQL5Activations/20151
gann-signal-indicator.mq4,.mq4,indicator,,MQL5Activations,18520,https://t.me/MQL5Activations/18520
gann-sq-9-indicator.mq4,.mq4,indicator,,MQL5Activations,18999,https://t.me/MQL5Activations/18999
Gann_Box_144_test_FULL_NULL.mq4,.mq4,indicator,,MQL5Activations,19435,https://t.me/MQL5Activations/19435
Gann_SQ9_2.mq4,.mq4,indicator,,MQL5Activations,19032,https://t.me/MQL5Activations/19032
GARRY'S AI EA.zip,.zip,expert_ea,ai_ml,MQL5Activations,20988,https://t.me/MQL5Activations/20988
GARRY’S AI@LifeInDreamsWorld.ex4,.ex4,unclassified,,MQL5Activations,21007,https://t.me/MQL5Activations/21007
Gary.BaludaSuperCSS.v.2.0.mq4,.mq4,unclassified,,MQL5Activations,18871,https://t.me/MQL5Activations/18871
Gaussian rainbow BT.mq4,.mq4,unclassified,,MQL5Activations,19466,https://t.me/MQL5Activations/19466
GBP SCALPING EA.ex4,.ex4,expert_ea,scalping,MQL5Activations,21107,https://t.me/MQL5Activations/21107
GBPUSD Scalper 1430-Version.ex4,.ex4,expert_ea,scalping,MQL5Activations,20989,https://t.me/MQL5Activations/20989
Gecko v1.2_fix_1420.ex4,.ex4,unclassified,,MQL5Activations,19944,https://t.me/MQL5Activations/19944
geFiboPlug.mq4,.mq4,indicator,,MQL5Activations,19642,https://t.me/MQL5Activations/19642
GerFX Density Scalper_fix_1420.ex4,.ex4,expert_ea,scalping,MQL5Activations,19984,https://t.me/MQL5Activations/19984
Get Rich or Die Trying Any GBP.mq4,.mq4,unclassified,,MQL5Activations,18566,https://t.me/MQL5Activations/18566
gfk forex2.mq4,.mq4,unclassified,,MQL5Activations,19005,https://t.me/MQL5Activations/19005
Girasol_system_V1_@LifeInDreamsWorld.zip,.zip,unclassified,,MQL5Activations,21184,https://t.me/MQL5Activations/21184
Givonly_SnR_SnD.mq4,.mq4,unclassified,,MQL5Activations,19454,https://t.me/MQL5Activations/19454
Givonly_SnR_SnD_modM15 [saol].mq4,.mq4,unclassified,scalping,MQL5Activations,19096,https://t.me/MQL5Activations/19096
Global_Close_Orders_Management_V1.ex4,.ex4,unclassified,,MQL5Activations,20775,https://t.me/MQL5Activations/20775
Global_Unlocker_Pro_4.0.6.83.zip,.zip,unclassified,grid,MQL5Activations,18455,https://t.me/MQL5Activations/18455
Goblin BiPolar Edition.mq4,.mq4,unclassified,,MQL5Activations,19372,https://t.me/MQL5Activations/19372
Goblin.mq4,.mq4,unclassified,,MQL5Activations,19369,https://t.me/MQL5Activations/19369
Goblin_BiPolar_EditionTunedProfitandATRHMAv3.mq4,.mq4,unclassified,,MQL5Activations,19370,https://t.me/MQL5Activations/19370
Gold Buster EA V2 .ex4,.ex4,expert_ea,,MQL5Activations,20824,https://t.me/MQL5Activations/20824
Gold Buster EA v2.3.zip,.zip,expert_ea,,MQL5Activations,20854,https://t.me/MQL5Activations/20854
Gold Buster EA.ex4,.ex4,expert_ea,,MQL5Activations,20971,https://t.me/MQL5Activations/20971
Gold Buster MT4-2.3-fix-1428+@LifeInDreamsWorld.ex4,.ex4,unclassified,,MQL5Activations,20904,https://t.me/MQL5Activations/20904
Gold Buster v2.3.ex4,.ex4,unclassified,,MQL5Activations,21024,https://t.me/MQL5Activations/21024
Gold Coin M5_fix_1420.ex4,.ex4,unclassified,scalping,MQL5Activations,18432,https://t.me/MQL5Activations/18432
GOLD Evolution Full EA.ex4,.ex4,expert_ea,,MQL5Activations,18447,https://t.me/MQL5Activations/18447
Gold Garden MT4_fix_1420.ex4,.ex4,unclassified,,MQL5Activations,19942,https://t.me/MQL5Activations/19942
Gold Level MT5 @LifeInDreamsWorld.ex5,.ex5,unclassified,,MQL5Activations,21157,https://t.me/MQL5Activations/21157
Gold Level MT5@LifeInDreamsWorld.ex5,.ex5,unclassified,,MQL5Activations,21156,https://t.me/MQL5Activations/21156
Gold One EA v1.0 MT4.ex4,.ex4,expert_ea,,MQL5Activations,20832,https://t.me/MQL5Activations/20832
Gold Pecker EA V7.3 MT4+Setfiles@YoForexPremium.zip,.zip,expert_ea,,MQL5Activations,18414,https://t.me/MQL5Activations/18414
Gold Pecker V7.3.zip,.zip,unclassified,,MQL5Activations,18421,https://t.me/MQL5Activations/18421
Gold Pips v3 MT4.zip,.zip,unclassified,,MQL5Activations,19989,https://t.me/MQL5Activations/19989
GOLD Scalper PRO 1.5_nodll_fix.ex4,.ex4,expert_ea,scalping,MQL5Activations,19907,https://t.me/MQL5Activations/19907
Gold Scalper Trading.ex4,.ex4,expert_ea,scalping,MQL5Activations,20076,https://t.me/MQL5Activations/20076
Gold Scalping Expert EA @SoftechFX_Robot.ex4,.ex4,expert_ea,scalping,MQL5Activations,20780,https://t.me/MQL5Activations/20780
Gold Scalping Expert_fix.ex4,.ex4,expert_ea,scalping,MQL5Activations,20777,https://t.me/MQL5Activations/20777
GOLD TRADE EA.ex5,.ex5,expert_ea,,MQL5Activations,20719,https://t.me/MQL5Activations/20719
Gold Trade Pro EA (Source Code) - copia.mq4,.mq4,expert_ea,,MQL5Activations,19264,https://t.me/MQL5Activations/19264
Gold Trade Pro.mq4,.mq4,unclassified,,MQL5Activations,19373,https://t.me/MQL5Activations/19373
Gold Trading AI (2)@LifeInDreamsWorld.ex4,.ex4,unclassified,ai_ml,MQL5Activations,21182,https://t.me/MQL5Activations/21182
Gold VIP 2025@LifeInDreamsWorld.ex4,.ex4,unclassified,,MQL5Activations,21159,https://t.me/MQL5Activations/21159
GOLD VIP 250120 Update 1.0.ex4,.ex4,unclassified,,MQL5Activations,21040,https://t.me/MQL5Activations/21040
GOLD VIP 250120 Update 1.0.zip,.zip,unclassified,,MQL5Activations,21042,https://t.me/MQL5Activations/21042
GOLD VIP 250120 Update 1.0@LifeInDreamsWorld.ex4,.ex4,unclassified,,MQL5Activations,21091,https://t.me/MQL5Activations/21091
Gold VIP beta 20250109 .ex4,.ex4,unclassified,,MQL5Activations,20936,https://t.me/MQL5Activations/20936
Gold VIP Updated 0114.ex4,.ex4,unclassified,,MQL5Activations,20833,https://t.me/MQL5Activations/20833
GOLD X GORILLA EA_fix.ex4,.ex4,expert_ea,,MQL5Activations,20774,https://t.me/MQL5Activations/20774
Gold-Buster-EA.zip,.zip,unclassified,,MQL5Activations,20789,https://t.me/MQL5Activations/20789
GOLD-LEVEL Fix MT4.zip,.zip,unclassified,,MQL5Activations,20176,https://t.me/MQL5Activations/20176
GOLD-LEVEL.ex4,.ex4,unclassified,,MQL5Activations,20163,https://t.me/MQL5Activations/20163
Gold-Pips-v3_fix.zip,.zip,unclassified,,MQL5Activations,19889,https://t.me/MQL5Activations/19889
gold-stuff-indicator MT4 indicator @indicatorsmt5mt4.zip,.zip,indicator,,MQL5Activations,20761,https://t.me/MQL5Activations/20761
Gold_Level_mt5.ex5,.ex5,unclassified,,MQL5Activations,20927,https://t.me/MQL5Activations/20927
Gold_Level_mt5@LifeInDreamsWorld.ex5,.ex5,unclassified,,MQL5Activations,20926,https://t.me/MQL5Activations/20926
gold_rush_pro_Fixed.mq4,.mq4,unclassified,,MQL5Activations,19246,https://t.me/MQL5Activations/19246
Golden Buffalo v5 EA FIX MT4.zip,.zip,expert_ea,,MQL5Activations,20173,https://t.me/MQL5Activations/20173
Golden Buffalo v5 EA.ex4,.ex4,expert_ea,,MQL5Activations,20166,https://t.me/MQL5Activations/20166
Golden Buffalo_fix.ex4,.ex4,unclassified,,MQL5Activations,20141,https://t.me/MQL5Activations/20141
Golden MA MTF TT [x5] button.mq4,.mq4,panel_dashboard,trend_following,MQL5Activations,18791,https://t.me/MQL5Activations/18791
Golden MA MTF TT [x5] MT4 indicator @indicatorsmt5mt4.zip,.zip,indicator,trend_following,MQL5Activations,20004,https://t.me/MQL5Activations/20004
Golden MA MTF TT [x5].mq4,.mq4,unclassified,trend_following,MQL5Activations,18709,https://t.me/MQL5Activations/18709
Golden Owl source code.mq4,.mq4,unclassified,,MQL5Activations,19348,https://t.me/MQL5Activations/19348
Golden Section.mq4,.mq4,unclassified,,MQL5Activations,19090,https://t.me/MQL5Activations/19090
Golden Shine MT4_fix_1420.ex4,.ex4,unclassified,,MQL5Activations,19962,https://t.me/MQL5Activations/19962
Golden_section_v3.2.mq4,.mq4,unclassified,,MQL5Activations,19213,https://t.me/MQL5Activations/19213
GoldminerCoupling.mq4,.mq4,unclassified,,MQL5Activations,19112,https://t.me/MQL5Activations/19112
Goldnix EA + Set Files.zip,.zip,expert_ea,,MQL5Activations,21095,https://t.me/MQL5Activations/21095
GoldPro EA V1.9 MT4 1420+ UNLIMITED.zip,.zip,expert_ea,,MQL5Activations,18425,https://t.me/MQL5Activations/18425
GoldPro_fix.ex4,.ex4,unclassified,,MQL5Activations,18427,https://t.me/MQL5Activations/18427
GoldPulse AI_V1.65_fix.ex4,.ex4,unclassified,ai_ml,MQL5Activations,18412,https://t.me/MQL5Activations/18412
GoldPulse AI_V1.76.ex4,.ex4,unclassified,ai_ml,MQL5Activations,18413,https://t.me/MQL5Activations/18413
Good Coral EA@LifeInDreamsWorld.ex4,.ex4,expert_ea,,MQL5Activations,21144,https://t.me/MQL5Activations/21144
GoodBot.mq4,.mq4,expert_ea,,MQL5Activations,19417,https://t.me/MQL5Activations/19417
Gorilla EA v6 (1).mq4,.mq4,expert_ea,,MQL5Activations,19388,https://t.me/MQL5Activations/19388
Gorilla EA V6 Monster.mq4,.mq4,expert_ea,,MQL5Activations,19259,https://t.me/MQL5Activations/19259
GRAL XZY.mq4,.mq4,unclassified,,MQL5Activations,18905,https://t.me/MQL5Activations/18905
Greezly Bot Pro by @freepremiumEAandindicators.zip,.zip,expert_ea,,MQL5Activations,19380,https://t.me/MQL5Activations/19380
Greezly Bot Pro MT4 1420+.zip,.zip,expert_ea,,MQL5Activations,19987,https://t.me/MQL5Activations/19987
Greezly bot Pro_fix.ex4,.ex4,expert_ea,,MQL5Activations,20137,https://t.me/MQL5Activations/20137
Greezly bot Pro_fix_1420.ex4,.ex4,expert_ea,,MQL5Activations,19928,https://t.me/MQL5Activations/19928
GRID 3 SYMBOLS.mq4,.mq4,unclassified,grid,MQL5Activations,19682,https://t.me/MQL5Activations/19682
Grid EA Launch @LifeInDreamsWorld.ex4,.ex4,expert_ea,grid,MQL5Activations,21161,https://t.me/MQL5Activations/21161
Grid Machine.ex4,.ex4,unclassified,grid,MQL5Activations,18912,https://t.me/MQL5Activations/18912
Grid_Builder.mq4,.mq4,unclassified,grid,MQL5Activations,18670,https://t.me/MQL5Activations/18670
GRID_ORDERS.mq4,.mq4,unclassified,grid,MQL5Activations,19621,https://t.me/MQL5Activations/19621
GridMaster PRO_1.9_fix.ex4,.ex4,unclassified,grid,MQL5Activations,19895,https://t.me/MQL5Activations/19895
GTX Scalper EA V1.2 MT4 1420+ UNLIMITED.zip,.zip,expert_ea,scalping,MQL5Activations,18422,https://t.me/MQL5Activations/18422
GTX Scalper EA.ex4,.ex4,expert_ea,scalping,MQL5Activations,18452,https://t.me/MQL5Activations/18452
guppy_mma MT5 Indicator @indicatorsmt5mt4.zip,.zip,indicator,trend_following,MQL5Activations,20115,https://t.me/MQL5Activations/20115
GURU NON REPAINT ARROW TERIAL@LifeInDreamsWorld.ex4,.ex4,indicator,,MQL5Activations,21002,https://t.me/MQL5Activations/21002
GX12 - E SCALPER- 1420.ex4,.ex4,expert_ea,scalping,MQL5Activations,19908,https://t.me/MQL5Activations/19908
GX12_E-Scalp_2023_fix@LifeInDreamsWorld.ex4,.ex4,expert_ea,scalping,MQL5Activations,21173,https://t.me/MQL5Activations/21173
H1 Scalper @SoftechFX_Robot.ex4,.ex4,expert_ea,scalping,MQL5Activations,20958,https://t.me/MQL5Activations/20958
H1 scalper.ex4,.ex4,expert_ea,scalping,MQL5Activations,20948,https://t.me/MQL5Activations/20948
H1 scalper@LifeInDreamsWorld.ex4,.ex4,expert_ea,scalping,MQL5Activations,20950,https://t.me/MQL5Activations/20950
H1-перевертыш.mq4,.mq4,unclassified,,MQL5Activations,19407,https://t.me/MQL5Activations/19407
H1.mq4,.mq4,unclassified,,MQL5Activations,19411,https://t.me/MQL5Activations/19411
H4_BreakOut_Cycle_V1a.mq4,.mq4,unclassified,breakout,MQL5Activations,19069,https://t.me/MQL5Activations/19069
HalfTrend X2@LifeInDreamsWorld.ex4,.ex4,indicator,trend_following,MQL5Activations,20692,https://t.me/MQL5Activations/20692
HALLAL FOR BINARY.zip,.zip,unclassified,,MQL5Activations,21124,https://t.me/MQL5Activations/21124
hanafy5-mtf-indicator.mq4,.mq4,indicator,,MQL5Activations,19111,https://t.me/MQL5Activations/19111
Hans123Trader_v9_02.mq4,.mq4,unclassified,,MQL5Activations,18568,https://t.me/MQL5Activations/18568
HaosVisual_mod.mq4,.mq4,unclassified,,MQL5Activations,19694,https://t.me/MQL5Activations/19694
Happy Doji Lucky Hammer1.mq4,.mq4,unclassified,,MQL5Activations,18574,https://t.me/MQL5Activations/18574
Happy News v1.5_fix_1420.ex4,.ex4,unclassified,news,MQL5Activations,19958,https://t.me/MQL5Activations/19958
HARAMI MT5 ALERT @indicatorsmt5mt4.zip,.zip,indicator,,MQL5Activations,20005,https://t.me/MQL5Activations/20005
Heat_Map_MultiColor.mq4,.mq4,unclassified,,MQL5Activations,18966,https://t.me/MQL5Activations/18966
HeatMapModokiV1.mq4,.mq4,indicator,,MQL5Activations,18649,https://t.me/MQL5Activations/18649
Hedge Scalper EA 24_fix_1420.ex4,.ex4,expert_ea,grid|scalping,MQL5Activations,19967,https://t.me/MQL5Activations/19967
Hedge Scalper EA v24 MT4 1421+.zip,.zip,expert_ea,grid|scalping,MQL5Activations,20078,https://t.me/MQL5Activations/20078
HedgeHogUltra_v1.mq4,.mq4,unclassified,grid,MQL5Activations,18575,https://t.me/MQL5Activations/18575
Hedger Scalper EA MT4.ex4,.ex4,expert_ea,grid|scalping,MQL5Activations,20984,https://t.me/MQL5Activations/20984
Heiken Ashi Double Smoothed MA+T3.mq4,.mq4,unclassified,,MQL5Activations,18713,https://t.me/MQL5Activations/18713
Heiken Ashi Pending Order EA MarsQuad BtcUsd 1H set.zip,.zip,expert_ea,,MQL5Activations,20646,https://t.me/MQL5Activations/20646
Heiken Ashi Pending Order EA.ex5,.ex5,expert_ea,,MQL5Activations,20647,https://t.me/MQL5Activations/20647
Heiken Ashi.mq4,.mq4,unclassified,,MQL5Activations,19774,https://t.me/MQL5Activations/19774
Heiken_Ashi_Smoothed.mq4,.mq4,unclassified,,MQL5Activations,19773,https://t.me/MQL5Activations/19773
HeikenAshiZoneTrade.mq4,.mq4,unclassified,,MQL5Activations,18505,https://t.me/MQL5Activations/18505
Heimdall Winner Trading Robot.ex4,.ex4,expert_ea,,MQL5Activations,20090,https://t.me/MQL5Activations/20090
Hermes EA1.1_1420_fix.ex4,.ex4,expert_ea,,MQL5Activations,18434,https://t.me/MQL5Activations/18434
HermesEAMT4_1.1_fix.ex4,.ex4,unclassified,,MQL5Activations,20052,https://t.me/MQL5Activations/20052
HERO GOLD SCALP V3@LifeInDreamsWorld.ex4,.ex4,expert_ea,scalping,MQL5Activations,20699,https://t.me/MQL5Activations/20699
HFT Dark Time@LifeInDreamsWorld .ex4,.ex4,unclassified,scalping,MQL5Activations,20700,https://t.me/MQL5Activations/20700
HFT Fast M1 Gold Scalper EA.ex4,.ex4,expert_ea,scalping,MQL5Activations,20718,https://t.me/MQL5Activations/20718
HFT Fast M1 Gold Scalper EA@LifeInDreamsWorld.ex4,.ex4,expert_ea,scalping,MQL5Activations,20810,https://t.me/MQL5Activations/20810
HFT Profit Scalper @SoftechFX_Robot (1).ex4,.ex4,expert_ea,scalping,MQL5Activations,20714,https://t.me/MQL5Activations/20714
HFT Profit Scalper@LifeInDreamsWorld.ex4,.ex4,expert_ea,scalping,MQL5Activations,20673,https://t.me/MQL5Activations/20673
HFT@LifeInDreamsWorld.ex4,.ex4,unclassified,scalping,MQL5Activations,21052,https://t.me/MQL5Activations/21052
HH@LifeInDreamsWorld.ex4,.ex4,unclassified,,MQL5Activations,21174,https://t.me/MQL5Activations/21174
HIAPE 3.0 @LifeInDreamsWorld.zip,.zip,unclassified,,MQL5Activations,20711,https://t.me/MQL5Activations/20711
HIAPE 3.0 TECH WIZ.zip,.zip,unclassified,,MQL5Activations,20678,https://t.me/MQL5Activations/20678
HIDDENEA_fix.ex4,.ex4,unclassified,,MQL5Activations,19896,https://t.me/MQL5Activations/19896
HIDDENEA_fix_1420.ex4,.ex4,unclassified,,MQL5Activations,19937,https://t.me/MQL5Activations/19937
high&low MT5 indicator @indicatorsmt5mt4.zip,.zip,indicator,,MQL5Activations,20007,https://t.me/MQL5Activations/20007
high-low-channel.mq4,.mq4,indicator,,MQL5Activations,19346,https://t.me/MQL5Activations/19346
High-Low_4.00.mq4,.mq4,unclassified,,MQL5Activations,18544,https://t.me/MQL5Activations/18544
High_Low_EA.mq4,.mq4,unclassified,,MQL5Activations,19341,https://t.me/MQL5Activations/19341
HighLowAnswer (1).mq4,.mq4,unclassified,,MQL5Activations,19868,https://t.me/MQL5Activations/19868
HighVolumeBar_VerticalHistogram_v2.mq4,.mq4,indicator,,MQL5Activations,19001,https://t.me/MQL5Activations/19001
Hill no repaint+Arrows1.mq4,.mq4,indicator,,MQL5Activations,19711,https://t.me/MQL5Activations/19711
Hill_no_repaint+Arrows.mq4,.mq4,indicator,,MQL5Activations,19712,https://t.me/MQL5Activations/19712
Hill_no_repaint+Arrows1_buf_5_12_1.4.mq4,.mq4,indicator,,MQL5Activations,19669,https://t.me/MQL5Activations/19669
HiLow - Jurik smooth histo mtf.mq4,.mq4,unclassified,,MQL5Activations,18651,https://t.me/MQL5Activations/18651
HiTechScalper V2.mq4,.mq4,expert_ea,scalping,MQL5Activations,19362,https://t.me/MQL5Activations/19362
HMA Histo 1.01 (mtf + alerts + lines) (1).mq4,.mq4,unclassified,trend_following,MQL5Activations,18939,https://t.me/MQL5Activations/18939
hma slope color nrp - mtf + alerts + arrows.mq4,.mq4,indicator,trend_following,MQL5Activations,18797,https://t.me/MQL5Activations/18797
HMA Trend Arrows TT.mq4,.mq4,indicator,trend_following,MQL5Activations,18722,https://t.me/MQL5Activations/18722
HOL.mq4,.mq4,unclassified,,MQL5Activations,19413,https://t.me/MQL5Activations/19413
HOLY GRAIL 1.6.mq4,.mq4,unclassified,,MQL5Activations,18981,https://t.me/MQL5Activations/18981
HOLY GRAIL 1.7.mq4,.mq4,unclassified,,MQL5Activations,19192,https://t.me/MQL5Activations/19192
Holygukgukguk.mq4,.mq4,unclassified,,MQL5Activations,18523,https://t.me/MQL5Activations/18523
holysignal.mq4,.mq4,indicator,,MQL5Activations,19127,https://t.me/MQL5Activations/19127
HP@LifeInDreamsWorld.mq4,.mq4,unclassified,,MQL5Activations,20919,https://t.me/MQL5Activations/20919
HPFZ peatsfx [Casper4].mq4,.mq4,unclassified,,MQL5Activations,18865,https://t.me/MQL5Activations/18865
Hull Master 22 Next MTF.mq4,.mq4,unclassified,,MQL5Activations,18488,https://t.me/MQL5Activations/18488
Hunting Cat Scalper V3 fix .ex4,.ex4,expert_ea,scalping,MQL5Activations,19995,https://t.me/MQL5Activations/19995
Hunting Cat Scalper_3.0.ex4,.ex4,expert_ea,scalping,MQL5Activations,20072,https://t.me/MQL5Activations/20072
hurst-indicator.mq4,.mq4,indicator,,MQL5Activations,19181,https://t.me/MQL5Activations/19181
Hydrangea_USDJPY_5m_2.13_E_fix_1420.ex4,.ex4,unclassified,breakout,MQL5Activations,19930,https://t.me/MQL5Activations/19930
i TMA centered macd v1.ex4,.ex4,indicator,trend_following,MQL5Activations,21098,https://t.me/MQL5Activations/21098
i TMA centered macd v1@LifeInDreamsWorld.ex4,.ex4,indicator,trend_following,MQL5Activations,21101,https://t.me/MQL5Activations/21101
I-Custom bams-bung 2-mainwin.mq4,.mq4,unclassified,,MQL5Activations,18794,https://t.me/MQL5Activations/18794
i-M1 Signal @LifeInDreamsWorld.ex4,.ex4,indicator,scalping,MQL5Activations,20686,https://t.me/MQL5Activations/20686
i-M1 Signal@LifeInDreamsWorld.ex4,.ex4,indicator,scalping,MQL5Activations,20688,https://t.me/MQL5Activations/20688
i-Profit tracker v1.3 dd.ex4,.ex4,unclassified,,MQL5Activations,20046,https://t.me/MQL5Activations/20046
i-Regr MTF@LifeInDreamsWorld.mq4,.mq4,unclassified,,MQL5Activations,20887,https://t.me/MQL5Activations/20887
i-Regr@LifeInDreamsWorld.mq4,.mq4,unclassified,,MQL5Activations,20888,https://t.me/MQL5Activations/20888
i-Sessions.mq4,.mq4,unclassified,,MQL5Activations,19483,https://t.me/MQL5Activations/19483
i_Second-Chart_v2@LifeInDreamsWorld.ex4,.ex4,unclassified,,MQL5Activations,21081,https://t.me/MQL5Activations/21081
i_TDI_MA_01.mq4,.mq4,unclassified,,MQL5Activations,18730,https://t.me/MQL5Activations/18730
i_Trend.mq4,.mq4,indicator,trend_following,MQL5Activations,18652,https://t.me/MQL5Activations/18652
i_UrovenZero_v.2.0._.mq4,.mq4,unclassified,,MQL5Activations,19205,https://t.me/MQL5Activations/19205
iBands_On_MomPinboll.mq4,.mq4,indicator,,MQL5Activations,18512,https://t.me/MQL5Activations/18512
IBFX_-_Waves 1.mq4,.mq4,unclassified,,MQL5Activations,18792,https://t.me/MQL5Activations/18792
IBFX_-_Waves 1@LifeInDreamsWorld.mq4,.mq4,unclassified,,MQL5Activations,20662,https://t.me/MQL5Activations/20662
IBS_RSI_CCI_v4.01 mtf + alerts.mq4,.mq4,indicator,,MQL5Activations,18976,https://t.me/MQL5Activations/18976
Icarus EA 2.2.zip,.zip,expert_ea,,MQL5Activations,20026,https://t.me/MQL5Activations/20026
IceFX.DrawProfit.ex4,.ex4,unclassified,,MQL5Activations,20964,https://t.me/MQL5Activations/20964
ichi_scalper_allpairs_v52.mq4,.mq4,expert_ea,scalping,MQL5Activations,19172,https://t.me/MQL5Activations/19172
IchiBS.mq4,.mq4,unclassified,,MQL5Activations,19851,https://t.me/MQL5Activations/19851
Ichimoku EA v1.04.mq4,.mq4,expert_ea,,MQL5Activations,19240,https://t.me/MQL5Activations/19240
Ichimoku mtf kumo cross alerts + arrows nmc.mq4,.mq4,indicator,,MQL5Activations,18765,https://t.me/MQL5Activations/18765
IchimokuAlert_v1.mq4,.mq4,unclassified,,MQL5Activations,19850,https://t.me/MQL5Activations/19850
iClock.mq4,.mq4,unclassified,grid,MQL5Activations,19484,https://t.me/MQL5Activations/19484
icwr.13x.mq4,.mq4,unclassified,,MQL5Activations,18576,https://t.me/MQL5Activations/18576
icwr3.mq4,.mq4,unclassified,,MQL5Activations,18595,https://t.me/MQL5Activations/18595
IFVG-Example-Code.mq5,.mq5,unclassified,,MQL5Activations,21133,https://t.me/MQL5Activations/21133
II_SupDem Arrow Alert v.3.3.3 (2).mq4,.mq4,indicator,,MQL5Activations,19703,https://t.me/MQL5Activations/19703
II_SupDem Arrow Alert v.3.3.3.mq4,.mq4,indicator,,MQL5Activations,19755,https://t.me/MQL5Activations/19755
IINWMARROWS.mq4,.mq4,indicator,,MQL5Activations,19565,https://t.me/MQL5Activations/19565
IL BOSS DEL TRADING© Scalper 1420+ TopEAstore.com.ex4,.ex4,expert_ea,scalping,MQL5Activations,20032,https://t.me/MQL5Activations/20032
IL BOSS DEL TRADING© Scalper.ex4,.ex4,expert_ea,scalping,MQL5Activations,20075,https://t.me/MQL5Activations/20075
ind-inverse-indicator.mq4,.mq4,indicator,,MQL5Activations,18521,https://t.me/MQL5Activations/18521
Ind_fewCandlesTrend.mq4,.mq4,indicator,trend_following,MQL5Activations,19830,https://t.me/MQL5Activations/19830
ind_hedge-1.mq4,.mq4,unclassified,grid,MQL5Activations,18974,https://t.me/MQL5Activations/18974
IndestructibleTrendWinner.mq4,.mq4,indicator,trend_following,MQL5Activations,18755,https://t.me/MQL5Activations/18755
IndexLordMT4_1.0_fix_1420.ex4,.ex4,unclassified,,MQL5Activations,19910,https://t.me/MQL5Activations/19910
indi sbnr2+save2_alert.mq4,.mq4,unclassified,,MQL5Activations,19487,https://t.me/MQL5Activations/19487
indi sbnr2+save2_alert_arr_dist.mq4,.mq4,unclassified,,MQL5Activations,18518,https://t.me/MQL5Activations/18518
indi sbnr2+save2_alert_test.mq4,.mq4,unclassified,,MQL5Activations,19490,https://t.me/MQL5Activations/19490
INDICADOR AG+SM VIP MT4 System @LifeInDreamsWorld.zip,.zip,indicator,,MQL5Activations,20944,https://t.me/MQL5Activations/20944
Indicator #1.mq4,.mq4,indicator,,MQL5Activations,19744,https://t.me/MQL5Activations/19744
Indicator Alert of drawdown.zip,.zip,indicator,,MQL5Activations,21077,https://t.me/MQL5Activations/21077
Indicator Max Pips.mq4,.mq4,indicator,,MQL5Activations,19216,https://t.me/MQL5Activations/19216
indicator02.mq4,.mq4,indicator,,MQL5Activations,18492,https://t.me/MQL5Activations/18492
Indicator_Volumes_Buys_Sells.mq4,.mq4,indicator,,MQL5Activations,19513,https://t.me/MQL5Activations/19513
Indo Run 1.5@LifeInDreamsWorld.ex4,.ex4,unclassified,,MQL5Activations,20923,https://t.me/MQL5Activations/20923
Indo Run 1.5@LifeInDreamsWorld.mq4,.mq4,unclassified,,MQL5Activations,20921,https://t.me/MQL5Activations/20921
Indreverse.mq4,.mq4,unclassified,,MQL5Activations,18617,https://t.me/MQL5Activations/18617
Indstat.mq4,.mq4,unclassified,,MQL5Activations,19839,https://t.me/MQL5Activations/19839
Inside4Trading_-_Secured MT4.zip,.zip,unclassified,,MQL5Activations,20901,https://t.me/MQL5Activations/20901
Inside4Trading_-_Secured MT4@LifeInDreamsWorld.zip,.zip,unclassified,,MQL5Activations,20905,https://t.me/MQL5Activations/20905
Inside4Trading_-_Secured.ex4,.ex4,unclassified,,MQL5Activations,20899,https://t.me/MQL5Activations/20899
Inside4Trading_-_Secured_fix.ex4,.ex4,unclassified,,MQL5Activations,20900,https://t.me/MQL5Activations/20900
Inside_Bar.mq4,.mq4,unclassified,,MQL5Activations,18490,https://t.me/MQL5Activations/18490
InsideBar 2.mq4,.mq4,unclassified,,MQL5Activations,19221,https://t.me/MQL5Activations/19221
insync index-2.mq4,.mq4,unclassified,,MQL5Activations,19159,https://t.me/MQL5Activations/19159
Integral-PRO-EA@LifeInDreamsWorld.zip,.zip,unclassified,,MQL5Activations,20937,https://t.me/MQL5Activations/20937
Intraday.mq4,.mq4,unclassified,,MQL5Activations,18497,https://t.me/MQL5Activations/18497
InvestasiUang.ex4,.ex4,unclassified,,MQL5Activations,20724,https://t.me/MQL5Activations/20724
IrisFx_EA_MM@LifeInDreamsWorld.mq4,.mq4,unclassified,,MQL5Activations,20670,https://t.me/MQL5Activations/20670
Iron Scalper EA.mq4,.mq4,expert_ea,scalping,MQL5Activations,18690,https://t.me/MQL5Activations/18690
iSymSwitch.mq4,.mq4,unclassified,,MQL5Activations,19838,https://t.me/MQL5Activations/19838
ITM TOTAL.ex4,.ex4,unclassified,,MQL5Activations,20125,https://t.me/MQL5Activations/20125
iTrend_v1.08 600+.mq4,.mq4,indicator,trend_following,MQL5Activations,18992,https://t.me/MQL5Activations/18992
IVT X_Trend 1.ex4,.ex4,indicator,trend_following,MQL5Activations,21104,https://t.me/MQL5Activations/21104
Jake files.zip,.zip,unclassified,,MQL5Activations,19891,https://t.me/MQL5Activations/19891
JapCandle Indicator.mq4,.mq4,indicator,,MQL5Activations,19130,https://t.me/MQL5Activations/19130
Javier Trading Scalper Gold EA.ex5,.ex5,expert_ea,scalping,MQL5Activations,20996,https://t.me/MQL5Activations/20996
JdD-PFBOE EA v.0.ex4,.ex4,expert_ea,,MQL5Activations,20618,https://t.me/MQL5Activations/20618
JeaFX part 1.zip,.zip,unclassified,,MQL5Activations,20985,https://t.me/MQL5Activations/20985
JeaFX part 3.zip,.zip,unclassified,,MQL5Activations,20986,https://t.me/MQL5Activations/20986
JeaFX part 5 .zip,.zip,unclassified,,MQL5Activations,20982,https://t.me/MQL5Activations/20982
JeaFX part 6.zip,.zip,unclassified,,MQL5Activations,20975,https://t.me/MQL5Activations/20975
JJN-Scalper.mq4,.mq4,expert_ea,scalping,MQL5Activations,19004,https://t.me/MQL5Activations/19004
JMA_CCI.mq4,.mq4,unclassified,,MQL5Activations,18888,https://t.me/MQL5Activations/18888
Jony Begood [T3x3wLv].mq4,.mq4,unclassified,,MQL5Activations,19539,https://t.me/MQL5Activations/19539
Judi Premium Deluxe.ex4,.ex4,unclassified,,MQL5Activations,20856,https://t.me/MQL5Activations/20856
JuiceLevelsAlert.mq4,.mq4,unclassified,,MQL5Activations,18597,https://t.me/MQL5Activations/18597
Juicenew.mq4,.mq4,unclassified,,MQL5Activations,18598,https://t.me/MQL5Activations/18598
Jumpy.mq4,.mq4,unclassified,,MQL5Activations,18596,https://t.me/MQL5Activations/18596
Jurik STC nrp.mq4,.mq4,unclassified,,MQL5Activations,18937,https://t.me/MQL5Activations/18937
Jurik trend envelopes MTF.mq4,.mq4,indicator,trend_following,MQL5Activations,19135,https://t.me/MQL5Activations/19135
Jurik volty bands - separate 1.02.mq4,.mq4,indicator,,MQL5Activations,18653,https://t.me/MQL5Activations/18653
JurikBands_v3 600+.mq4,.mq4,indicator,,MQL5Activations,19072,https://t.me/MQL5Activations/19072
jX_ParabolicRegression_StopAndReverse.mq4,.mq4,unclassified,,MQL5Activations,18484,https://t.me/MQL5Activations/18484
K_ARMAND_Procladka.mq4,.mq4,unclassified,,MQL5Activations,19645,https://t.me/MQL5Activations/19645
K_DIVERGENCE_KONSTRUKTOR_1_2_PROCLADKA_low.mq4,.mq4,indicator,,MQL5Activations,19827,https://t.me/MQL5Activations/19827
K_G_S_P.mq4,.mq4,unclassified,,MQL5Activations,19656,https://t.me/MQL5Activations/19656
KakekPetirPublicRev2Aggresivefix.ex4,.ex4,unclassified,,MQL5Activations,20935,https://t.me/MQL5Activations/20935
KakekPetirRobotFamilyRequestV2.ex4,.ex4,expert_ea,,MQL5Activations,20857,https://t.me/MQL5Activations/20857
KakekPetirVictorTernak.ex4,.ex4,unclassified,,MQL5Activations,21030,https://t.me/MQL5Activations/21030
kama.mq4,.mq4,unclassified,,MQL5Activations,19212,https://t.me/MQL5Activations/19212
KANAL_ARROW.mq4,.mq4,indicator,,MQL5Activations,19452,https://t.me/MQL5Activations/19452
Kaufman_Stochastik(Bullforyou.com).mq4,.mq4,unclassified,,MQL5Activations,18985,https://t.me/MQL5Activations/18985
Kaufman_Stochastik@LifeInDreamsWorld.ex4,.ex4,unclassified,,MQL5Activations,21160,https://t.me/MQL5Activations/21160
Kaufman_Stochastik@LifeInDreamsWorld.mq4,.mq4,unclassified,,MQL5Activations,21163,https://t.me/MQL5Activations/21163
KDRT.ex4,.ex4,unclassified,,MQL5Activations,20744,https://t.me/MQL5Activations/20744
Keltner Channels F1 MTF 2.06 NMC.mq4,.mq4,indicator,,MQL5Activations,19662,https://t.me/MQL5Activations/19662
Keltner X2 MTF TT.mq4,.mq4,unclassified,,MQL5Activations,19416,https://t.me/MQL5Activations/19416
KENOX Binary Indicator .mq4,.mq4,indicator,,MQL5Activations,18925,https://t.me/MQL5Activations/18925
Kforex Scalping.mq4,.mq4,expert_ea,scalping,MQL5Activations,19687,https://t.me/MQL5Activations/19687
KGB SCALPER EA.zip,.zip,expert_ea,scalping,MQL5Activations,20613,https://t.me/MQL5Activations/20613
KGB SCALPER EA@LifeInDreamsWorld.zip,.zip,expert_ea,scalping,MQL5Activations,20674,https://t.me/MQL5Activations/20674
KI EA.mq4,.mq4,expert_ea,,MQL5Activations,18599,https://t.me/MQL5Activations/18599
KI_Exposure.mq4,.mq4,unclassified,,MQL5Activations,19244,https://t.me/MQL5Activations/19244
KiddaBot Gold Pair Updated.ex4,.ex4,expert_ea,,MQL5Activations,20640,https://t.me/MQL5Activations/20640
KiddaBot Gold Pair Updated@LifeInDreamsWorld.ex4,.ex4,expert_ea,,MQL5Activations,20814,https://t.me/MQL5Activations/20814
Kijun_Cross_Alert.mq4,.mq4,unclassified,,MQL5Activations,19846,https://t.me/MQL5Activations/19846
KillBinarySignals-2nrp.mq4,.mq4,indicator,,MQL5Activations,19084,https://t.me/MQL5Activations/19084
kimsignals_2.0.mq4,.mq4,indicator,,MQL5Activations,18769,https://t.me/MQL5Activations/18769
King - 2MA Crossover.mq4,.mq4,unclassified,trend_following,MQL5Activations,18471,https://t.me/MQL5Activations/18471
King - Trend.mq4,.mq4,indicator,trend_following,MQL5Activations,18472,https://t.me/MQL5Activations/18472
King Robot 6.11_fix@LifeInDreamsWorld.ex4,.ex4,expert_ea,,MQL5Activations,20848,https://t.me/MQL5Activations/20848
King Sniper EA.ex4,.ex4,expert_ea,,MQL5Activations,20750,https://t.me/MQL5Activations/20750
King's_Cage.mq4,.mq4,unclassified,,MQL5Activations,18474,https://t.me/MQL5Activations/18474
King's_Trenddetector.mq4,.mq4,indicator,trend_following,MQL5Activations,18475,https://t.me/MQL5Activations/18475
King_doublesniake_trigger.mq4,.mq4,unclassified,,MQL5Activations,18473,https://t.me/MQL5Activations/18473
KingstrendsigSig.mq4,.mq4,indicator,trend_following,MQL5Activations,18470,https://t.me/MQL5Activations/18470
Kiosotto 2015 v4 Alert [mobidik]ms-nrp.mq4,.mq4,unclassified,,MQL5Activations,19392,https://t.me/MQL5Activations/19392
Kiraan Rebate.ex4,.ex4,unclassified,,MQL5Activations,20934,https://t.me/MQL5Activations/20934
KISS Auto Fib.mq4,.mq4,indicator,,MQL5Activations,19008,https://t.me/MQL5Activations/19008
KISS_Auto_Fib.mq4,.mq4,indicator,,MQL5Activations,18679,https://t.me/MQL5Activations/18679
kogane.ex4,.ex4,unclassified,,MQL5Activations,21096,https://t.me/MQL5Activations/21096
KONSTATINE ROBOT MT4@LifeInDreamsWorld.ex4,.ex4,expert_ea,,MQL5Activations,21141,https://t.me/MQL5Activations/21141
KONSTATINE ROBOT.ex4,.ex4,expert_ea,,MQL5Activations,20643,https://t.me/MQL5Activations/20643
KONSTATINE ROBOT@LifeInDreamsWorld.ex4,.ex4,expert_ea,,MQL5Activations,20666,https://t.me/MQL5Activations/20666
KT-Equity-Protector-EA.ex4,.ex4,unclassified,,MQL5Activations,20165,https://t.me/MQL5Activations/20165
Ku Gabisa Hidup Tanpamu.ex4,.ex4,unclassified,,MQL5Activations,20738,https://t.me/MQL5Activations/20738
kubi.mq4,.mq4,unclassified,,MQL5Activations,19134,https://t.me/MQL5Activations/19134
LabTrend1_v4.mq4,.mq4,indicator,trend_following,MQL5Activations,18941,https://t.me/MQL5Activations/18941
LabTrend3_v2.mq4,.mq4,indicator,trend_following,MQL5Activations,18942,https://t.me/MQL5Activations/18942
LAS VEGAS TUNNEL.mq4,.mq4,unclassified,,MQL5Activations,18600,https://t.me/MQL5Activations/18600
LAS_VEGAS_TUNNEL_2.mq4,.mq4,unclassified,,MQL5Activations,18602,https://t.me/MQL5Activations/18602
LAS_VEGAS_TUNNEL_3.mq4,.mq4,unclassified,,MQL5Activations,18605,https://t.me/MQL5Activations/18605
last-high-low-stop-loss.mq4,.mq4,unclassified,,MQL5Activations,19344,https://t.me/MQL5Activations/19344
LBS V12.mq4,.mq4,unclassified,,MQL5Activations,18601,https://t.me/MQL5Activations/18601
LBS.mq4,.mq4,unclassified,,MQL5Activations,18606,https://t.me/MQL5Activations/18606
LeapFX - King Robot.zip,.zip,expert_ea,,MQL5Activations,20834,https://t.me/MQL5Activations/20834
LEAPFX-Trade_Explorer_EA-UNLIMITED .zip,.zip,unclassified,,MQL5Activations,20037,https://t.me/MQL5Activations/20037
LekTester v2.0.0.mq4,.mq4,unclassified,,MQL5Activations,19808,https://t.me/MQL5Activations/19808
LEV_00.mq4,.mq4,unclassified,,MQL5Activations,19680,https://t.me/MQL5Activations/19680
level_trading_123.mq4,.mq4,unclassified,,MQL5Activations,18624,https://t.me/MQL5Activations/18624
Level_ZZ_Semafor.mq4,.mq4,unclassified,,MQL5Activations,19802,https://t.me/MQL5Activations/19802
Levels.mq4,.mq4,unclassified,,MQL5Activations,19024,https://t.me/MQL5Activations/19024
Limitless Gold V2@LifeInDreamsWorld.ex4,.ex4,unclassified,,MQL5Activations,20922,https://t.me/MQL5Activations/20922
Line_mod-1.mq4,.mq4,unclassified,,MQL5Activations,19600,https://t.me/MQL5Activations/19600
Linear Regression.mq4,.mq4,unclassified,,MQL5Activations,19444,https://t.me/MQL5Activations/19444
Linear-Momentum nrp (mtf + alerts + arrows).mq4,.mq4,indicator,trend_following,MQL5Activations,18802,https://t.me/MQL5Activations/18802
Lines_HiLo_CashCow.mq4,.mq4,unclassified,,MQL5Activations,19345,https://t.me/MQL5Activations/19345
Longclaw_AI_V2.1.ex4,.ex4,unclassified,ai_ml,MQL5Activations,21025,https://t.me/MQL5Activations/21025
Longclaw_AI_V2.1@LifeInDreamsWorld.ex4,.ex4,unclassified,ai_ml,MQL5Activations,20843,https://t.me/MQL5Activations/20843
Longterm_a.mq4,.mq4,unclassified,,MQL5Activations,18604,https://t.me/MQL5Activations/18604
low-pass-bands-sync-filters-mtf.mq4,.mq4,indicator,,MQL5Activations,19536,https://t.me/MQL5Activations/19536
LP.LT_fix.ex4,.ex4,unclassified,,MQL5Activations,20906,https://t.me/MQL5Activations/20906
LP.LT_fix@LifeInDreamsWorld.ex4,.ex4,unclassified,,MQL5Activations,20949,https://t.me/MQL5Activations/20949
LP_entry.mq4,.mq4,unclassified,,MQL5Activations,19441,https://t.me/MQL5Activations/19441
LSMA0.mq4,.mq4,unclassified,,MQL5Activations,19412,https://t.me/MQL5Activations/19412
LSMA_in_Color.ex4,.ex4,unclassified,,MQL5Activations,20154,https://t.me/MQL5Activations/20154
LUKE Universal InstantOrder.mq4,.mq4,unclassified,,MQL5Activations,19239,https://t.me/MQL5Activations/19239
LUKE'S Universal EA mod 2.mq4,.mq4,expert_ea,,MQL5Activations,19255,https://t.me/MQL5Activations/19255
LUKE'S Universal EA.mq4,.mq4,expert_ea,,MQL5Activations,19256,https://t.me/MQL5Activations/19256
LUKE'S Universal EA.v2_PowerLevel.mq4,.mq4,expert_ea,,MQL5Activations,19257,https://t.me/MQL5Activations/19257
LuKu_EDiff_v12.mq4,.mq4,unclassified,,MQL5Activations,19045,https://t.me/MQL5Activations/19045
LuxAlgo Smart Money Concepts MT4-MT5.zip,.zip,unclassified,,MQL5Activations,18404,https://t.me/MQL5Activations/18404
LuxAlgo.mq4,.mq4,unclassified,,MQL5Activations,19477,https://t.me/MQL5Activations/19477
lwma-crossover_level.mq4,.mq4,unclassified,,MQL5Activations,19425,https://t.me/MQL5Activations/19425
lwma-crossover_signal.mq4,.mq4,indicator,,MQL5Activations,19404,https://t.me/MQL5Activations/19404
m-BankLevels.mq4,.mq4,unclassified,,MQL5Activations,19563,https://t.me/MQL5Activations/19563
M-Candles SB.mq4,.mq4,unclassified,,MQL5Activations,19628,https://t.me/MQL5Activations/19628
M-Sniper EA.mq4,.mq4,expert_ea,,MQL5Activations,18698,https://t.me/MQL5Activations/18698
M1 GOLD ARROW.ex4,.ex4,indicator,scalping,MQL5Activations,20162,https://t.me/MQL5Activations/20162
M1 POWERFULL SCALPING MT4 System @indicatorsmt5mt4.zip,.zip,expert_ea,scalping,MQL5Activations,20025,https://t.me/MQL5Activations/20025
ma-channels-fibonacci-indicator.mq4,.mq4,indicator,,MQL5Activations,19136,https://t.me/MQL5Activations/19136
MA-X Arrows.mq4,.mq4,indicator,,MQL5Activations,18672,https://t.me/MQL5Activations/18672
MA10.mq4,.mq4,unclassified,,MQL5Activations,19410,https://t.me/MQL5Activations/19410
MA_Cross_OC.mq4,.mq4,unclassified,,MQL5Activations,18863,https://t.me/MQL5Activations/18863
MA_in_Color_wAppliedPrice.mq4,.mq4,unclassified,,MQL5Activations,18489,https://t.me/MQL5Activations/18489
MACD 2 Colour HISTOGRAM.mq4,.mq4,indicator,,MQL5Activations,19552,https://t.me/MQL5Activations/19552
MACD colored_Mladen.mq4,.mq4,indicator,,MQL5Activations,19553,https://t.me/MQL5Activations/19553
MACD Crossover Arrows & Alert.mq4,.mq4,indicator,,MQL5Activations,19860,https://t.me/MQL5Activations/19860
MACD TREND SILENCER SIGNAL MT5 indicator @indicatorsmt5mt4.zip,.zip,indicator,trend_following,MQL5Activations,20760,https://t.me/MQL5Activations/20760
MACD TREND SILENCER SIGNAL @LifeInDreamsWorld.ex5,.ex5,indicator,trend_following,MQL5Activations,20627,https://t.me/MQL5Activations/20627
macd-bars-indicator.mq4,.mq4,indicator,,MQL5Activations,19551,https://t.me/MQL5Activations/19551
MACD-OsMA on Chart MTF 2 [mladen+TT].mq4,.mq4,indicator,trend_following,MQL5Activations,19584,https://t.me/MQL5Activations/19584
macd-tape-indicator.mq4,.mq4,indicator,,MQL5Activations,19235,https://t.me/MQL5Activations/19235
MACD_color histo.mq4,.mq4,indicator,,MQL5Activations,19315,https://t.me/MQL5Activations/19315
MACD_Mirror.mq4,.mq4,indicator,,MQL5Activations,18654,https://t.me/MQL5Activations/18654
macd_mirror_alerts_mtf_2.mq4,.mq4,indicator,,MQL5Activations,19219,https://t.me/MQL5Activations/19219
macd_of_nma_v1.02.mq4,.mq4,indicator,,MQL5Activations,19214,https://t.me/MQL5Activations/19214
MAcrossidou_o9jev@LifeInDreamsWorld.ex4,.ex4,unclassified,,MQL5Activations,20881,https://t.me/MQL5Activations/20881
Madlen_5_0.mq4,.mq4,unclassified,,MQL5Activations,19204,https://t.me/MQL5Activations/19204
Magic Fx Formula.mq4,.mq4,unclassified,,MQL5Activations,19079,https://t.me/MQL5Activations/19079
MAMBA GOLD OFICIAL.mq4,.mq4,unclassified,,MQL5Activations,19571,https://t.me/MQL5Activations/19571
man ea V1.4@LifeInDreamsWorld.ex4,.ex4,expert_ea,,MQL5Activations,21162,https://t.me/MQL5Activations/21162
man ea@LifeInDreamsWorld.ex4,.ex4,expert_ea,,MQL5Activations,20791,https://t.me/MQL5Activations/20791
Manhattan Pro@LifeInDreamsWorld.zip,.zip,unclassified,,MQL5Activations,20658,https://t.me/MQL5Activations/20658
Mano MM.mq4,.mq4,unclassified,,MQL5Activations,18712,https://t.me/MQL5Activations/18712
MANSA MUSSA-FLIPPING ROBOT (1).mq4,.mq4,expert_ea,,MQL5Activations,19270,https://t.me/MQL5Activations/19270
manual_grid_PO.ex4,.ex4,unclassified,grid,MQL5Activations,20142,https://t.me/MQL5Activations/20142
Market Profile ay-MarketProfileDWM.v1.31rev.mq4,.mq4,unclassified,,MQL5Activations,19106,https://t.me/MQL5Activations/19106
Market.Sentiment Data Point. @LifeInDreamsWorld.ex5,.ex5,unclassified,,MQL5Activations,21046,https://t.me/MQL5Activations/21046
Market_profile_VWAP(D).mq4,.mq4,unclassified,,MQL5Activations,19543,https://t.me/MQL5Activations/19543
Market_Statistics_v4_1.mq4,.mq4,unclassified,,MQL5Activations,18869,https://t.me/MQL5Activations/18869
MarketProfile.mq4,.mq4,unclassified,,MQL5Activations,19418,https://t.me/MQL5Activations/19418
MARSICD 1.05.mq4,.mq4,indicator,,MQL5Activations,19063,https://t.me/MQL5Activations/19063
"Martini EA (EA, Sets and Tests).zip",.zip,expert_ea,martingale,MQL5Activations,20102,https://t.me/MQL5Activations/20102
Martini EA MT4.ex4,.ex4,expert_ea,martingale,MQL5Activations,18453,https://t.me/MQL5Activations/18453
Martini EA V1.61 MT4 1420+ UNLIMITED.zip,.zip,expert_ea,martingale,MQL5Activations,18423,https://t.me/MQL5Activations/18423
Mary EA.ex4,.ex4,expert_ea,,MQL5Activations,20074,https://t.me/MQL5Activations/20074
Massive Fx Profit.mq4,.mq4,unclassified,,MQL5Activations,19578,https://t.me/MQL5Activations/19578
Master_Candle.mq4,.mq4,unclassified,,MQL5Activations,18793,https://t.me/MQL5Activations/18793
Matrix Grid Trading CE 1.1@LifeInDreamsWorld.ex4,.ex4,unclassified,grid,MQL5Activations,20924,https://t.me/MQL5Activations/20924
max_pips_fxism_Engulfing_Trader_0.08.mq4,.mq4,unclassified,,MQL5Activations,18788,https://t.me/MQL5Activations/18788
Mc Leren.ex4,.ex4,unclassified,,MQL5Activations,20735,https://t.me/MQL5Activations/20735
MCP Multi Charts.mq4,.mq4,unclassified,,MQL5Activations,19525,https://t.me/MQL5Activations/19525
me_SimpleTradingDashboard v1.mq4,.mq4,panel_dashboard,,MQL5Activations,19102,https://t.me/MQL5Activations/19102
Meerkat NebulaBot 2.5.ex4,.ex4,expert_ea,,MQL5Activations,20068,https://t.me/MQL5Activations/20068
MeetAlgo_MT4toDXTradeCopier_Demo_MT4.ex4,.ex4,panel_dashboard,,MQL5Activations,18438,https://t.me/MQL5Activations/18438
Mega_Fx.mq4,.mq4,unclassified,,MQL5Activations,19007,https://t.me/MQL5Activations/19007
MegaBuxPips2@LifeInDreamsWorld.ex4,.ex4,unclassified,,MQL5Activations,20909,https://t.me/MQL5Activations/20909
MegaBuxPips2@LifeInDreamsWorld.mq4,.mq4,unclassified,,MQL5Activations,20908,https://t.me/MQL5Activations/20908
Mehran AI EA.ex4,.ex4,expert_ea,ai_ml,MQL5Activations,20717,https://t.me/MQL5Activations/20717
Mehran AI EA@LifeInDreamsWorld.ex4,.ex4,expert_ea,ai_ml,MQL5Activations,20820,https://t.me/MQL5Activations/20820
Mehran Ai(Work).ex4,.ex4,unclassified,,MQL5Activations,20720,https://t.me/MQL5Activations/20720
Mehran Ai(Work)@LifeInDreamsWorld.ex4,.ex4,unclassified,,MQL5Activations,20819,https://t.me/MQL5Activations/20819
Merit_EURUSD_M5_V1_FE_fix_1420.ex4,.ex4,unclassified,scalping,MQL5Activations,19943,https://t.me/MQL5Activations/19943
Merit_USDJPY_M5_V1_FE_fix_fix.ex4,.ex4,unclassified,scalping,MQL5Activations,19901,https://t.me/MQL5Activations/19901
Mew_Trade Info_v2.62.ex4,.ex4,unclassified,,MQL5Activations,20047,https://t.me/MQL5Activations/20047
Meylind EA MT4.ex4,.ex4,expert_ea,,MQL5Activations,18445,https://t.me/MQL5Activations/18445
Micro Trades v5.7 MT4 RnFXs.ex4,.ex4,unclassified,,MQL5Activations,21037,https://t.me/MQL5Activations/21037
MIDAS_Channel_v3 BT.mq4,.mq4,indicator,,MQL5Activations,19542,https://t.me/MQL5Activations/19542
Millionaire Bitcoin Scalper Pro EA.ex4,.ex4,expert_ea,scalping,MQL5Activations,20983,https://t.me/MQL5Activations/20983
Millionaire Bitcoin Scalper Pro EA@LifeInDreamsWorld.ex4,.ex4,expert_ea,scalping,MQL5Activations,21004,https://t.me/MQL5Activations/21004
Minute 55 Next Generation.ex4,.ex4,unclassified,,MQL5Activations,20737,https://t.me/MQL5Activations/20737
MMS MONEY MACHINE SYSTEMfor MT4 @indicatorsmt5mt4.zip,.zip,indicator,,MQL5Activations,20157,https://t.me/MQL5Activations/20157
MNOGO_SIG_2@.mq4,.mq4,unclassified,,MQL5Activations,19554,https://t.me/MQL5Activations/19554
modified overlay chart.mq4,.mq4,unclassified,,MQL5Activations,18955,https://t.me/MQL5Activations/18955
Momentum Arrow.mq4,.mq4,indicator,trend_following,MQL5Activations,18953,https://t.me/MQL5Activations/18953
Momentum Scalper GOLD TEST mtf.mq4,.mq4,expert_ea,scalping|trend_following,MQL5Activations,19835,https://t.me/MQL5Activations/19835
Momo_Trades_V3.mq4,.mq4,unclassified,,MQL5Activations,19261,https://t.me/MQL5Activations/19261
Money Heist EA.zip,.zip,expert_ea,,MQL5Activations,20710,https://t.me/MQL5Activations/20710
Money Heist@LifeInDreamsWorld.ex5,.ex5,unclassified,,MQL5Activations,20649,https://t.me/MQL5Activations/20649
Money Hunter_Modified _Ea _fixed lot.mq4,.mq4,expert_ea,,MQL5Activations,19361,https://t.me/MQL5Activations/19361
Money-Box-Robot@LifeInDreamsWorld.ex4,.ex4,expert_ea,,MQL5Activations,21164,https://t.me/MQL5Activations/21164
Monitor_v2.mq4,.mq4,panel_dashboard,,MQL5Activations,19793,https://t.me/MQL5Activations/19793
Monster.mq4,.mq4,unclassified,,MQL5Activations,19182,https://t.me/MQL5Activations/19182
Mood EA v2.0_fix_1420.ex4,.ex4,expert_ea,,MQL5Activations,19952,https://t.me/MQL5Activations/19952
MorFX Gold Digger A.mq4,.mq4,unclassified,,MQL5Activations,19351,https://t.me/MQL5Activations/19351
MorFX Gold Digger A.zip,.zip,unclassified,,MQL5Activations,21115,https://t.me/MQL5Activations/21115
Moroccan Scalper EA.zip,.zip,expert_ea,scalping,MQL5Activations,20850,https://t.me/MQL5Activations/20850
Mosca_Arrows_Alerts_Labels_nrp_Timer_Filter.mq4,.mq4,indicator,,MQL5Activations,18504,https://t.me/MQL5Activations/18504
Most_Profitable_IQ_Option_Trend_Trading_System_for_MT4_@indicatorsmt5mt4.zip,.zip,indicator,trend_following,MQL5Activations,20120,https://t.me/MQL5Activations/20120
mostapha joker.mq4,.mq4,unclassified,,MQL5Activations,18926,https://t.me/MQL5Activations/18926
Mov_MACD_EA_AR1.mq4,.mq4,indicator,,MQL5Activations,19243,https://t.me/MQL5Activations/19243
Moving Average.mq4,.mq4,unclassified,trend_following,MQL5Activations,19236,https://t.me/MQL5Activations/19236
Moving_Average.mq4,.mq4,unclassified,,MQL5Activations,19260,https://t.me/MQL5Activations/19260
MQ4 Source Codes (+1300 ).zip,.zip,unclassified,,MQL5Activations,19289,https://t.me/MQL5Activations/19289
MQ4 Source Codes - 1300+ @WeaveForex.zip,.zip,unclassified,,MQL5Activations,19298,https://t.me/MQL5Activations/19298
MQLTA MT4 Alligator With Alert.mq4,.mq4,unclassified,,MQL5Activations,19586,https://t.me/MQL5Activations/19586
MR FANTASTIC@LifeInDreamsWorld.ex4,.ex4,unclassified,,MQL5Activations,20822,https://t.me/MQL5Activations/20822
Mr_P_Fx_Spikes_Dragon_Indicator_MT5_indicator_@indicatorsmt5mt4.zip,.zip,indicator,,MQL5Activations,20018,https://t.me/MQL5Activations/20018
MSU_MoD.mq4,.mq4,unclassified,,MQL5Activations,19570,https://t.me/MQL5Activations/19570
mt2trading_library.ex4,.ex4,utility_library,,MQL5Activations,21067,https://t.me/MQL5Activations/21067
MT4 1420.zip,.zip,unclassified,,MQL5Activations,19985,https://t.me/MQL5Activations/19985
MT4 Non Repaint Signal.zip,.zip,indicator,,MQL5Activations,20185,https://t.me/MQL5Activations/20185
MT4-Psychological.mq4,.mq4,unclassified,,MQL5Activations,18619,https://t.me/MQL5Activations/18619
MT4Correlation_Seperate_Window.mq4,.mq4,unclassified,,MQL5Activations,18674,https://t.me/MQL5Activations/18674
MT5 4497.zip,.zip,unclassified,,MQL5Activations,18460,https://t.me/MQL5Activations/18460
MT5 4499.zip,.zip,unclassified,,MQL5Activations,18461,https://t.me/MQL5Activations/18461
MT5 4501.zip,.zip,unclassified,,MQL5Activations,18459,https://t.me/MQL5Activations/18459
MT5 4505.zip,.zip,unclassified,,MQL5Activations,18462,https://t.me/MQL5Activations/18462
mtf-ozy-histo.mq4,.mq4,unclassified,,MQL5Activations,18936,https://t.me/MQL5Activations/18936
mtf-ozy-lines.mq4,.mq4,unclassified,,MQL5Activations,18935,https://t.me/MQL5Activations/18935
MTF_Fractal.mq4,.mq4,unclassified,,MQL5Activations,19514,https://t.me/MQL5Activations/19514
mtf_macd_incolor_alert.mq4,.mq4,indicator,,MQL5Activations,19622,https://t.me/MQL5Activations/19622
MttS-TradeInfo.ex5,.ex5,unclassified,,MQL5Activations,20088,https://t.me/MQL5Activations/20088
Mukbang2.0 Unlimited M30 @LifeInDreamsWorld.ex4,.ex4,unclassified,,MQL5Activations,21176,https://t.me/MQL5Activations/21176
Multi Lot Scalper.mq4,.mq4,expert_ea,scalping,MQL5Activations,18831,https://t.me/MQL5Activations/18831
Multi Pair Closer.mq4,.mq4,script,,MQL5Activations,19375,https://t.me/MQL5Activations/19375
Multi Sniper mq v24.16_fix.ex4,.ex4,unclassified,,MQL5Activations,19893,https://t.me/MQL5Activations/19893
Multi Sniper mq v24.16_fix_1420.ex4,.ex4,unclassified,,MQL5Activations,19932,https://t.me/MQL5Activations/19932
Multi Sniper mq v9.53_fix_1420.ex4,.ex4,unclassified,,MQL5Activations,19920,https://t.me/MQL5Activations/19920
Multi_Lot_Scalper.mq4,.mq4,expert_ea,scalping,MQL5Activations,19267,https://t.me/MQL5Activations/19267
MultiBreakOut_v0[1].1.mq4,.mq4,unclassified,breakout,MQL5Activations,18577,https://t.me/MQL5Activations/18577
MultiCharts.mq4,.mq4,unclassified,,MQL5Activations,19526,https://t.me/MQL5Activations/19526
MultiEMA.mq4,.mq4,unclassified,,MQL5Activations,18585,https://t.me/MQL5Activations/18585
MultiHedge V1.1.mq4,.mq4,unclassified,grid,MQL5Activations,19328,https://t.me/MQL5Activations/19328
MultiIndicator_AAA.mq4,.mq4,indicator,,MQL5Activations,19671,https://t.me/MQL5Activations/19671
Multiple_Breakout_Indicator@LifeInDreamsWorld.ex4,.ex4,indicator,breakout,MQL5Activations,21199,https://t.me/MQL5Activations/21199
MultipleCloseBy.ex4,.ex4,unclassified,,MQL5Activations,20132,https://t.me/MQL5Activations/20132
MultipleCloseBy.mq4,.mq4,unclassified,,MQL5Activations,20131,https://t.me/MQL5Activations/20131
MultiTrader.mq4,.mq4,unclassified,,MQL5Activations,18962,https://t.me/MQL5Activations/18962
mv-i-Chuvashov_1_1 nmc.mq4,.mq4,unclassified,,MQL5Activations,19081,https://t.me/MQL5Activations/19081
mv-i_lease_pitchfork_on_all_TF.mq4,.mq4,unclassified,,MQL5Activations,19118,https://t.me/MQL5Activations/19118
MW_Trend_MACD.mq4,.mq4,indicator,trend_following,MQL5Activations,18760,https://t.me/MQL5Activations/18760
MX2Trading_library.ex4,.ex4,utility_library,,MQL5Activations,21069,https://t.me/MQL5Activations/21069
my filter_hist.mq4,.mq4,unclassified,,MQL5Activations,19148,https://t.me/MQL5Activations/19148
my filter_line.mq4,.mq4,unclassified,,MQL5Activations,19147,https://t.me/MQL5Activations/19147
MZZ9_trendLine_SR BT.mq4,.mq4,indicator,trend_following,MQL5Activations,19598,https://t.me/MQL5Activations/19598
Na Proboy FZ@LifeInDreamsWorld.mq4,.mq4,unclassified,,MQL5Activations,21165,https://t.me/MQL5Activations/21165
Nadaraya-Watson_Envelope_[LuxAlgo].mq4,.mq4,unclassified,,MQL5Activations,19443,https://t.me/MQL5Activations/19443
Naragot Portfolio 1.24 M1 USDJPY_fix_1420.ex4,.ex4,unclassified,scalping,MQL5Activations,19971,https://t.me/MQL5Activations/19971
Nebula Wizard V2 Scalper MT4 (build 1420+).zip,.zip,expert_ea,scalping,MQL5Activations,18408,https://t.me/MQL5Activations/18408
Nemo_v1.02.mq4,.mq4,unclassified,,MQL5Activations,19676,https://t.me/MQL5Activations/19676
Neon Trade MT4_5.3 EA @LifeInDreamsWorld.ex4,.ex4,expert_ea,,MQL5Activations,21008,https://t.me/MQL5Activations/21008
Neon Trade MT4_5.3 EA @SoftechFX_Robot.ex4,.ex4,expert_ea,,MQL5Activations,20980,https://t.me/MQL5Activations/20980
Neon Trade MT4_5.3.ex4,.ex4,unclassified,,MQL5Activations,20973,https://t.me/MQL5Activations/20973
Neon Trade MT4_5.3@LifeInDreamsWorld.ex4,.ex4,unclassified,,MQL5Activations,20703,https://t.me/MQL5Activations/20703
NESCO_fix_1420.ex4,.ex4,unclassified,,MQL5Activations,19976,https://t.me/MQL5Activations/19976
NeutralHedge osc_v4.4.mq4,.mq4,unclassified,grid,MQL5Activations,18740,https://t.me/MQL5Activations/18740
NeutralHedge Overlay_v4.mq4,.mq4,unclassified,grid,MQL5Activations,18743,https://t.me/MQL5Activations/18743
New _formula_arr_mtf_alert_arows@LifeInDreamsWorld.ex4,.ex4,unclassified,,MQL5Activations,21018,https://t.me/MQL5Activations/21018
News Catcher Pro 3.34_nodll.ex4,.ex4,unclassified,news,MQL5Activations,18410,https://t.me/MQL5Activations/18410
News Catcher Pro_fix_1420.ex4,.ex4,unclassified,news,MQL5Activations,19981,https://t.me/MQL5Activations/19981
News Traders Mt4 v01.mq4,.mq4,unclassified,news,MQL5Activations,18603,https://t.me/MQL5Activations/18603
News_AmazingEA_1.0.5.mq4,.mq4,unclassified,news,MQL5Activations,18607,https://t.me/MQL5Activations/18607
News_Stopper EA V1.01@LifeInDreamsWorld.ex4,.ex4,expert_ea,news,MQL5Activations,20693,https://t.me/MQL5Activations/20693
News_Traders_Mt4_v01.mq4,.mq4,unclassified,news,MQL5Activations,18608,https://t.me/MQL5Activations/18608
nez_Alert@LifeInDreamsWorld.ex4,.ex4,unclassified,,MQL5Activations,21073,https://t.me/MQL5Activations/21073
Nf12.ex4,.ex4,unclassified,,MQL5Activations,18430,https://t.me/MQL5Activations/18430
Night Grid FZ.mq4,.mq4,unclassified,grid,MQL5Activations,18995,https://t.me/MQL5Activations/18995
Night Hunter Pro 6.56_1420.ex4,.ex4,unclassified,,MQL5Activations,19975,https://t.me/MQL5Activations/19975
Night Hunter Pro 6.56_nodll@LifeInDreamsWorld.ex4,.ex4,unclassified,,MQL5Activations,20706,https://t.me/MQL5Activations/20706
Night Hunter Pro v6.28.mq4,.mq4,unclassified,,MQL5Activations,19324,https://t.me/MQL5Activations/19324
Night_Hunter_Pro.zip,.zip,unclassified,,MQL5Activations,20779,https://t.me/MQL5Activations/20779
Nightmare_Panther_M15_AUDCAD_fix_1420.ex4,.ex4,indicator,scalping,MQL5Activations,19933,https://t.me/MQL5Activations/19933
Nightmare_Panther_M15_AUDCAD_fix_fix.ex4,.ex4,indicator,scalping,MQL5Activations,20097,https://t.me/MQL5Activations/20097
Nik_PSAR_2B.mq4,.mq4,unclassified,,MQL5Activations,18761,https://t.me/MQL5Activations/18761
NinaEA v.02.mq4,.mq4,expert_ea,,MQL5Activations,18633,https://t.me/MQL5Activations/18633
NinaEA v03.mq4,.mq4,expert_ea,,MQL5Activations,18631,https://t.me/MQL5Activations/18631
NinaEA v031.mq4,.mq4,expert_ea,,MQL5Activations,18632,https://t.me/MQL5Activations/18632
NinaEA.mq4,.mq4,unclassified,,MQL5Activations,18634,https://t.me/MQL5Activations/18634
NinaEAtest.mq4,.mq4,unclassified,,MQL5Activations,18636,https://t.me/MQL5Activations/18636
Noah10pips2006.mq4,.mq4,unclassified,,MQL5Activations,18637,https://t.me/MQL5Activations/18637
NobyCPU EA@LifeInDreamsWorld.ex4,.ex4,expert_ea,,MQL5Activations,21020,https://t.me/MQL5Activations/21020
nonLagMa Trend Display v1.0.mq4,.mq4,indicator,trend_following,MQL5Activations,18858,https://t.me/MQL5Activations/18858
NoRepaint3.ex4,.ex4,unclassified,,MQL5Activations,21188,https://t.me/MQL5Activations/21188
NoRepaint_Alerts.mq4,.mq4,unclassified,,MQL5Activations,18762,https://t.me/MQL5Activations/18762
North-West-EA-V4.zip,.zip,unclassified,,MQL5Activations,20879,https://t.me/MQL5Activations/20879
North-West-EA-V4@LifeInDreamsWorld.zip,.zip,unclassified,,MQL5Activations,20794,https://t.me/MQL5Activations/20794
NorthEastWay-MT5_v2.12.ex5,.ex5,unclassified,,MQL5Activations,21136,https://t.me/MQL5Activations/21136
NorthEastWay_fix_1420.ex4,.ex4,unclassified,,MQL5Activations,19951,https://t.me/MQL5Activations/19951
NRP Indicator (with Push).mq4,.mq4,indicator,,MQL5Activations,19632,https://t.me/MQL5Activations/19632
NSNDHistory (arrows).mq4,.mq4,indicator,,MQL5Activations,19531,https://t.me/MQL5Activations/19531
NTK_07.mq4,.mq4,unclassified,,MQL5Activations,19268,https://t.me/MQL5Activations/19268
Numeros Redondos MT5 indicator @indicatorsmt5mt4.zip,.zip,indicator,,MQL5Activations,20119,https://t.me/MQL5Activations/20119
NY breakout v0.10.mq4,.mq4,unclassified,breakout,MQL5Activations,18635,https://t.me/MQL5Activations/18635
Oava Ea_fix.ex4,.ex4,expert_ea,,MQL5Activations,20002,https://t.me/MQL5Activations/20002
OBV MTF TT.mq4,.mq4,unclassified,,MQL5Activations,19002,https://t.me/MQL5Activations/19002
obv2 bands+arrows.mq4,.mq4,indicator,,MQL5Activations,19532,https://t.me/MQL5Activations/19532
Octotrader AI MT4_fix.ex4,.ex4,unclassified,ai_ml,MQL5Activations,21208,https://t.me/MQL5Activations/21208
OGT ADR Indicator v1.2@LifeInDreamsWorld.ex4,.ex4,indicator,,MQL5Activations,21177,https://t.me/MQL5Activations/21177
OHLC V3 OLD.ex4,.ex4,unclassified,,MQL5Activations,21118,https://t.me/MQL5Activations/21118
ON Trade Numerology Station MT4.ex4,.ex4,unclassified,,MQL5Activations,21139,https://t.me/MQL5Activations/21139
ON Trade Numerology Station MT4@LifeInDreamsWorld.ex4,.ex4,unclassified,,MQL5Activations,21140,https://t.me/MQL5Activations/21140
ON Trend@LifeInDreamsWorld.ex4,.ex4,indicator,trend_following,MQL5Activations,21103,https://t.me/MQL5Activations/21103
ON_Trade_Numerology_Station.zip,.zip,unclassified,,MQL5Activations,21206,https://t.me/MQL5Activations/21206
onchart_rsx_nrp_alerts__arrows.mq4,.mq4,indicator,,MQL5Activations,18623,https://t.me/MQL5Activations/18623
One Inch Slap Auto (2).ex4,.ex4,unclassified,,MQL5Activations,20071,https://t.me/MQL5Activations/20071
One Minute Profit-Signal.mq4,.mq4,indicator,,MQL5Activations,19660,https://t.me/MQL5Activations/19660
One-Click Trade Pro.ex4,.ex4,unclassified,,MQL5Activations,20160,https://t.me/MQL5Activations/20160
Open28Pairs.mq4,.mq4,unclassified,,MQL5Activations,19183,https://t.me/MQL5Activations/19183
Oracle 2.0_fix_1420.ex4,.ex4,unclassified,,MQL5Activations,19961,https://t.me/MQL5Activations/19961
ORB EA by Believe Forex.zip,.zip,expert_ea,,MQL5Activations,21120,https://t.me/MQL5Activations/21120
Order Block Levels.ex4,.ex4,unclassified,grid,MQL5Activations,20766,https://t.me/MQL5Activations/20766
order-block-breaker-indicator.ex4,.ex4,indicator,grid,MQL5Activations,20768,https://t.me/MQL5Activations/20768
OrderBlocks (Orgn).mq4,.mq4,unclassified,grid,MQL5Activations,19263,https://t.me/MQL5Activations/19263
OrderBlocks.All-In-One.ex5,.ex5,unclassified,grid,MQL5Activations,20928,https://t.me/MQL5Activations/20928
OrderBlocks.All-In-One@LifeInDreamsWorld.ex5,.ex5,unclassified,grid,MQL5Activations,20953,https://t.me/MQL5Activations/20953
Orion Gold Scalper EA_LICENSE_ 50118349 .ex4,.ex4,expert_ea,scalping,MQL5Activations,20093,https://t.me/MQL5Activations/20093
ORION GOLD SCALPER V4.4 LIFETIME PLAN_fix.ex4,.ex4,expert_ea,scalping,MQL5Activations,21015,https://t.me/MQL5Activations/21015
ORION_GOLD_SCALPER_V4_4_LIFETIME_PLAN_MT4_fix@LifeInDreamsWorld.zip,.zip,expert_ea,scalping,MQL5Activations,20657,https://t.me/MQL5Activations/20657
OroVision AI EA.ex4,.ex4,expert_ea,ai_ml,MQL5Activations,20617,https://t.me/MQL5Activations/20617
OroVision AI EA@LifeInDreamsWorld.ex4,.ex4,expert_ea,ai_ml,MQL5Activations,20821,https://t.me/MQL5Activations/20821
OSCAR PRO 1.3@LifeInDreamsWorld.zip,.zip,unclassified,,MQL5Activations,20947,https://t.me/MQL5Activations/20947
Overbought Oversold Level Arrow.mq4,.mq4,indicator,,MQL5Activations,19871,https://t.me/MQL5Activations/19871
Overbought Oversold Level.mq4,.mq4,unclassified,,MQL5Activations,19872,https://t.me/MQL5Activations/19872
OverdraftSpazm v6@LifeInDreamsWorld.ex4,.ex4,unclassified,,MQL5Activations,20915,https://t.me/MQL5Activations/20915
OverdraftSpazm v6@LifeInDreamsWorld.mq4,.mq4,unclassified,,MQL5Activations,20918,https://t.me/MQL5Activations/20918
OverLayChart.mq4,.mq4,unclassified,,MQL5Activations,19431,https://t.me/MQL5Activations/19431
OWL Trade.ex4,.ex4,unclassified,,MQL5Activations,20736,https://t.me/MQL5Activations/20736
pa_candlestick_v1.1.mq4,.mq4,unclassified,scalping,MQL5Activations,19788,https://t.me/MQL5Activations/19788
Parabolic Arrow.mq4,.mq4,indicator,,MQL5Activations,19498,https://t.me/MQL5Activations/19498
Parabolic MA +Alert 2 MT4 indicator @indicatorsmt5mt4.zip,.zip,indicator,trend_following,MQL5Activations,20012,https://t.me/MQL5Activations/20012
parabolic sar mtf.mq4,.mq4,unclassified,,MQL5Activations,19497,https://t.me/MQL5Activations/19497
Parabolic-SAR-Color-Alert.mq4,.mq4,unclassified,,MQL5Activations,19500,https://t.me/MQL5Activations/19500
Parabolic_ZZ-0.mq4,.mq4,unclassified,,MQL5Activations,19120,https://t.me/MQL5Activations/19120
ParabolicMA.mq4,.mq4,unclassified,,MQL5Activations,18775,https://t.me/MQL5Activations/18775
PARAMOUR Godfather EA Version P1 1421.zip,.zip,expert_ea,,MQL5Activations,20186,https://t.me/MQL5Activations/20186
Pattern-Poglochenia-mod-k+bbands.mq4,.mq4,indicator,,MQL5Activations,19861,https://t.me/MQL5Activations/19861
Pattern_Recognition_Master_v3a.mq4,.mq4,unclassified,,MQL5Activations,18972,https://t.me/MQL5Activations/18972
PBF_OSOB 7_alert_HL.ex4,.ex4,unclassified,,MQL5Activations,19495,https://t.me/MQL5Activations/19495
PBF_Scalper_Alert.mq4,.mq4,expert_ea,scalping,MQL5Activations,18777,https://t.me/MQL5Activations/18777
Peak-nsym-lsym.mq4,.mq4,unclassified,,MQL5Activations,19815,https://t.me/MQL5Activations/19815
Pendulum_1_01.mq4,.mq4,unclassified,,MQL5Activations,19269,https://t.me/MQL5Activations/19269
Perceptrader AI v1.73_nodll.ex4,.ex4,unclassified,ai_ml,MQL5Activations,19978,https://t.me/MQL5Activations/19978
Perceptrader AI v2.23 1420+_fix.ex4,.ex4,unclassified,ai_ml,MQL5Activations,20960,https://t.me/MQL5Activations/20960
PerceptraderAI MT4 New.zip,.zip,unclassified,ai_ml,MQL5Activations,20172,https://t.me/MQL5Activations/20172
PerceptraderAI v2.23.ex4,.ex4,unclassified,ai_ml,MQL5Activations,18406,https://t.me/MQL5Activations/18406
PerceptraderAI.ex4,.ex4,unclassified,,MQL5Activations,20169,https://t.me/MQL5Activations/20169
PerceptraderAI_2.23_fix_1420.ex4,.ex4,unclassified,ai_ml,MQL5Activations,19982,https://t.me/MQL5Activations/19982
PeriodConverter.mq4,.mq4,unclassified,,MQL5Activations,19828,https://t.me/MQL5Activations/19828
PHANTOM EA V10.65 MT5.zip,.zip,expert_ea,,MQL5Activations,20614,https://t.me/MQL5Activations/20614
Phoenix Momentum EA.ex4,.ex4,expert_ea,trend_following,MQL5Activations,20084,https://t.me/MQL5Activations/20084
phoenixea.mq4,.mq4,unclassified,,MQL5Activations,18493,https://t.me/MQL5Activations/18493
pin-bar.mq4,.mq4,unclassified,,MQL5Activations,19770,https://t.me/MQL5Activations/19770
PinBar ND.mq4,.mq4,unclassified,,MQL5Activations,19141,https://t.me/MQL5Activations/19141
Pinbar.mq4,.mq4,unclassified,,MQL5Activations,18744,https://t.me/MQL5Activations/18744
PINBAR.mq4,.mq4,unclassified,,MQL5Activations,19272,https://t.me/MQL5Activations/19272
Pinokio MT4 indicator @indicatorsmt5mt4.zip,.zip,indicator,,MQL5Activations,20009,https://t.me/MQL5Activations/20009
PipFinite Breakout EDGE_fix@LifeInDreamsWorld.ex4,.ex4,unclassified,breakout,MQL5Activations,20818,https://t.me/MQL5Activations/20818
PipHunter M5.ex4,.ex4,unclassified,scalping,MQL5Activations,20058,https://t.me/MQL5Activations/20058
Pipsometer Cash+Infolines v_1.1.mq4,.mq4,unclassified,,MQL5Activations,18700,https://t.me/MQL5Activations/18700
Pirate v1.20.ex4,.ex4,unclassified,,MQL5Activations,20961,https://t.me/MQL5Activations/20961
Pirate.mq4,.mq4,unclassified,,MQL5Activations,19326,https://t.me/MQL5Activations/19326
PIVOT BUY_SELL.mq4,.mq4,indicator,,MQL5Activations,18778,https://t.me/MQL5Activations/18778
Pivot Custom.mq4,.mq4,indicator,,MQL5Activations,18856,https://t.me/MQL5Activations/18856
PivotEnvelope.mq4,.mq4,indicator,,MQL5Activations,18764,https://t.me/MQL5Activations/18764
PivotsD_v5 (Black).mq4,.mq4,indicator,,MQL5Activations,19379,https://t.me/MQL5Activations/19379
PointAndFigureChart_v1.0 600+.mq4,.mq4,unclassified,,MQL5Activations,19103,https://t.me/MQL5Activations/19103
PointZero@LifeInDreamsWorld.mq4,.mq4,unclassified,,MQL5Activations,20625,https://t.me/MQL5Activations/20625
PointZeroOscillator@LifeInDreamsWorld.mq4,.mq4,indicator,,MQL5Activations,20626,https://t.me/MQL5Activations/20626
pos_size.mq4,.mq4,unclassified,,MQL5Activations,18959,https://t.me/MQL5Activations/18959
pow-banker-8.78.zip,.zip,unclassified,,MQL5Activations,20045,https://t.me/MQL5Activations/20045
Prado 8.2-PV_fix.ex4,.ex4,unclassified,,MQL5Activations,19965,https://t.me/MQL5Activations/19965
precision trend on averages 1.2 (alerts).mq4,.mq4,indicator,trend_following,MQL5Activations,19663,https://t.me/MQL5Activations/19663
Price Action @SoftechFX_Robot (1).ex4,.ex4,expert_ea,,MQL5Activations,20634,https://t.me/MQL5Activations/20634
Price Action Indicator MT4 (1421).zip,.zip,indicator,,MQL5Activations,19999,https://t.me/MQL5Activations/19999
Price Action Scalping.mq4,.mq4,expert_ea,scalping,MQL5Activations,19316,https://t.me/MQL5Activations/19316
Price Action.ex4,.ex4,unclassified,,MQL5Activations,20616,https://t.me/MQL5Activations/20616
Price Action_PPR.mq4,.mq4,unclassified,,MQL5Activations,19145,https://t.me/MQL5Activations/19145
Price Histogram Channel .mq4,.mq4,indicator,,MQL5Activations,18837,https://t.me/MQL5Activations/18837
price-action-trend.mq4,.mq4,indicator,trend_following,MQL5Activations,18519,https://t.me/MQL5Activations/18519
PRICE_ACTION.mq4,.mq4,unclassified,,MQL5Activations,19277,https://t.me/MQL5Activations/19277
Price_Channel.mq4,.mq4,indicator,,MQL5Activations,19840,https://t.me/MQL5Activations/19840
PriceAction_Scaner.mq4,.mq4,unclassified,,MQL5Activations,19789,https://t.me/MQL5Activations/19789
PriceBand.mq4,.mq4,unclassified,,MQL5Activations,19455,https://t.me/MQL5Activations/19455
PriceChannel_Stop_NK.mq4,.mq4,indicator,,MQL5Activations,18805,https://t.me/MQL5Activations/18805
PriceMovementDegrees.mq4,.mq4,unclassified,,MQL5Activations,19458,https://t.me/MQL5Activations/19458
PricePosition Full.mq4,.mq4,unclassified,,MQL5Activations,19332,https://t.me/MQL5Activations/19332
PriceToOpen M15.mq4,.mq4,unclassified,scalping,MQL5Activations,19436,https://t.me/MQL5Activations/19436
PriceToOpen M5.mq4,.mq4,unclassified,scalping,MQL5Activations,19437,https://t.me/MQL5Activations/19437
PriceToOpen.mq4,.mq4,unclassified,,MQL5Activations,19439,https://t.me/MQL5Activations/19439
PRIME SCALPER GOLD- 1420.ex4,.ex4,expert_ea,scalping,MQL5Activations,19900,https://t.me/MQL5Activations/19900
Pro Arrows.mq4,.mq4,indicator,,MQL5Activations,18491,https://t.me/MQL5Activations/18491
Pro-Trade_3_0.zip,.zip,unclassified,,MQL5Activations,20104,https://t.me/MQL5Activations/20104
Pro_Bot_EURUSD_m15.mq4,.mq4,expert_ea,scalping,MQL5Activations,18501,https://t.me/MQL5Activations/18501
Pro_Bot_XAUUSD_m15.mq4,.mq4,expert_ea,scalping,MQL5Activations,18503,https://t.me/MQL5Activations/18503
ProbMeter_v1.1.mq4,.mq4,unclassified,,MQL5Activations,19594,https://t.me/MQL5Activations/19594
Profile Mult.mq4,.mq4,unclassified,,MQL5Activations,19556,https://t.me/MQL5Activations/19556
Profit Sunrise-fix.mq4,.mq4,unclassified,,MQL5Activations,18772,https://t.me/MQL5Activations/18772
ProfitInfo.mq4,.mq4,unclassified,,MQL5Activations,19265,https://t.me/MQL5Activations/19265
ProfitMaker (KING OF PIPS) SWING@LifeInDreamsWorld.ex4,.ex4,indicator,,MQL5Activations,20661,https://t.me/MQL5Activations/20661
ProFx01.mq4,.mq4,unclassified,,MQL5Activations,19331,https://t.me/MQL5Activations/19331
Prokladka.mq4,.mq4,unclassified,,MQL5Activations,19805,https://t.me/MQL5Activations/19805
Prokladka_for_indicators_AndreYKa_310.mq4,.mq4,indicator,,MQL5Activations,19748,https://t.me/MQL5Activations/19748
proklg.mq4,.mq4,unclassified,,MQL5Activations,19702,https://t.me/MQL5Activations/19702
PROMETHEUS NG ROBOT.ex4,.ex4,expert_ea,,MQL5Activations,21114,https://t.me/MQL5Activations/21114
Prop GT MT4 V1.5_fix_1420.ex4,.ex4,unclassified,,MQL5Activations,19957,https://t.me/MQL5Activations/19957
Prop_Firm_EA.ex4,.ex4,unclassified,,MQL5Activations,18431,https://t.me/MQL5Activations/18431
prsi_pcci.mq4,.mq4,indicator,,MQL5Activations,19094,https://t.me/MQL5Activations/19094
prsi_pcci_a&a_v1@LifeInDreamsWorld.ex4,.ex4,indicator,,MQL5Activations,21167,https://t.me/MQL5Activations/21167
prusax_v7.mq4,.mq4,unclassified,,MQL5Activations,19581,https://t.me/MQL5Activations/19581
Psar levels.mq4,.mq4,unclassified,,MQL5Activations,19579,https://t.me/MQL5Activations/19579
PSAR_trader.mq4,.mq4,unclassified,,MQL5Activations,19273,https://t.me/MQL5Activations/19273
Ptl v2.0 MT5 indicator @indicatorsmt5mt4.zip,.zip,indicator,,MQL5Activations,20017,https://t.me/MQL5Activations/20017
PULL BACK.mq4,.mq4,unclassified,,MQL5Activations,19278,https://t.me/MQL5Activations/19278
PullBack_V1a.mq4,.mq4,unclassified,,MQL5Activations,19070,https://t.me/MQL5Activations/19070
Pure Price Action.mq4,.mq4,unclassified,,MQL5Activations,19276,https://t.me/MQL5Activations/19276
Pure_Martingale.mq4,.mq4,unclassified,martingale,MQL5Activations,19275,https://t.me/MQL5Activations/19275
Puzzle.mq4,.mq4,unclassified,,MQL5Activations,19515,https://t.me/MQL5Activations/19515
Puzzle_2.mq4,.mq4,unclassified,,MQL5Activations,19519,https://t.me/MQL5Activations/19519
PZ_DayTrading-Platoon-Shawls.mq4,.mq4,unclassified,,MQL5Activations,18933,https://t.me/MQL5Activations/18933
PZ_InsideBar.mq4,.mq4,unclassified,,MQL5Activations,18626,https://t.me/MQL5Activations/18626
PZ_ParabolicSar_EA.mq4,.mq4,unclassified,,MQL5Activations,19274,https://t.me/MQL5Activations/19274
qf1.mq4,.mq4,unclassified,,MQL5Activations,19279,https://t.me/MQL5Activations/19279
QQE (vhf adaptive) 1_5.mq4,.mq4,unclassified,,MQL5Activations,18655,https://t.me/MQL5Activations/18655
QQE Adv.mq4,.mq4,unclassified,,MQL5Activations,19538,https://t.me/MQL5Activations/19538
QQE Alert v3.mq4,.mq4,unclassified,,MQL5Activations,18706,https://t.me/MQL5Activations/18706
QQE_arr@LifeInDreamsWorld.mq4,.mq4,unclassified,,MQL5Activations,21166,https://t.me/MQL5Activations/21166
Quantile based signed volume analysis 1.mq4,.mq4,unclassified,,MQL5Activations,19018,https://t.me/MQL5Activations/19018
Quantile Price Analysis.mq4,.mq4,unclassified,,MQL5Activations,19643,https://t.me/MQL5Activations/19643
Quantum Emperor v5.1_fix_1420.ex4,.ex4,unclassified,ai_ml,MQL5Activations,20721,https://t.me/MQL5Activations/20721
Quantum Signal.mq4,.mq4,indicator,ai_ml,MQL5Activations,19685,https://t.me/MQL5Activations/19685
Quantum Speed_fix.ex4,.ex4,unclassified,ai_ml,MQL5Activations,18440,https://t.me/MQL5Activations/18440
Quantum ticks EA V5.5_fix 1420 MT4.ex4,.ex4,expert_ea,scalping|ai_ml,MQL5Activations,19911,https://t.me/MQL5Activations/19911
QuantumFractals.mq4,.mq4,unclassified,ai_ml,MQL5Activations,19092,https://t.me/MQL5Activations/19092
Quasimodo ea.mq4,.mq4,expert_ea,,MQL5Activations,19323,https://t.me/MQL5Activations/19323
Quasimodo Pattern QM MT4@LifeInDreamsWorld.ex4,.ex4,unclassified,,MQL5Activations,20895,https://t.me/MQL5Activations/20895
Quasimodo-Pattern-Indicator.zip,.zip,indicator,,MQL5Activations,21011,https://t.me/MQL5Activations/21011
QUASMOD 2 EA (2).mq4,.mq4,expert_ea,,MQL5Activations,18874,https://t.me/MQL5Activations/18874
QUASMOD 2 EA.mq4,.mq4,expert_ea,,MQL5Activations,19075,https://t.me/MQL5Activations/19075
R Factor EA V1.81 Mt4 (1420).zip,.zip,expert_ea,,MQL5Activations,19980,https://t.me/MQL5Activations/19980
r London Breakout V.3.3b.mq4,.mq4,unclassified,breakout,MQL5Activations,18770,https://t.me/MQL5Activations/18770
Radar Signal Mod.mq4,.mq4,indicator,,MQL5Activations,19105,https://t.me/MQL5Activations/19105
Radar Signal.mq4,.mq4,indicator,,MQL5Activations,19104,https://t.me/MQL5Activations/19104
RaitisCyFilter.mq4,.mq4,unclassified,,MQL5Activations,18630,https://t.me/MQL5Activations/18630
RaitisHeikenAshi(trend).mq4,.mq4,indicator,trend_following,MQL5Activations,19402,https://t.me/MQL5Activations/19402
RaitisJMARibbon.mq4,.mq4,unclassified,,MQL5Activations,19415,https://t.me/MQL5Activations/19415
RangeExpansionIndex.mq4,.mq4,unclassified,breakout,MQL5Activations,19400,https://t.me/MQL5Activations/19400
RatioRawStoch v1.mq4,.mq4,unclassified,,MQL5Activations,18977,https://t.me/MQL5Activations/18977
Rayan Stanton Robot.ex5,.ex5,expert_ea,,MQL5Activations,20749,https://t.me/MQL5Activations/20749
RD-Combo.mod.mq4,.mq4,unclassified,,MQL5Activations,19394,https://t.me/MQL5Activations/19394
RD-Combo.mq4,.mq4,unclassified,,MQL5Activations,19650,https://t.me/MQL5Activations/19650
rd-combo.mq4,.mq4,unclassified,,MQL5Activations,19741,https://t.me/MQL5Activations/19741
RD_combo_arrows.mq4,.mq4,indicator,,MQL5Activations,19395,https://t.me/MQL5Activations/19395
RDBand@LifeInDreamsWorld.ex4,.ex4,unclassified,,MQL5Activations,21083,https://t.me/MQL5Activations/21083
Reaper MT4 EA_fix_1420.ex4,.ex4,expert_ea,,MQL5Activations,19963,https://t.me/MQL5Activations/19963
Recent Candles.mq4,.mq4,unclassified,,MQL5Activations,19585,https://t.me/MQL5Activations/19585
Recovery Manager Pro MT4.zip,.zip,panel_dashboard,,MQL5Activations,20174,https://t.me/MQL5Activations/20174
Recursive smoothed stochastic mtf.mq4,.mq4,indicator,,MQL5Activations,19426,https://t.me/MQL5Activations/19426
Red Hawk EA_fix.ex4,.ex4,expert_ea,,MQL5Activations,20138,https://t.me/MQL5Activations/20138
RedDragon_v.1.03.ex5,.ex5,unclassified,,MQL5Activations,21122,https://t.me/MQL5Activations/21122
Regression_Channel_V2.mq4,.mq4,indicator,,MQL5Activations,19787,https://t.me/MQL5Activations/19787
Regression_MT4_V2.mq4,.mq4,unclassified,,MQL5Activations,19596,https://t.me/MQL5Activations/19596
Regularized ema - mtf & alerts 1.6.mq4,.mq4,unclassified,trend_following,MQL5Activations,18923,https://t.me/MQL5Activations/18923
RELIANCE 4.0.ex4,.ex4,unclassified,,MQL5Activations,20140,https://t.me/MQL5Activations/20140
RENKO FRACTALS GRID.mq4,.mq4,unclassified,grid,MQL5Activations,19284,https://t.me/MQL5Activations/19284
RENKO_2.mq4,.mq4,unclassified,,MQL5Activations,18618,https://t.me/MQL5Activations/18618
Renko_v1.0.mq4,.mq4,unclassified,,MQL5Activations,19339,https://t.me/MQL5Activations/19339
RenkoLiveChart.mq4,.mq4,unclassified,,MQL5Activations,19527,https://t.me/MQL5Activations/19527
RenkoLiveChart_v2.1.mq4,.mq4,unclassified,,MQL5Activations,19528,https://t.me/MQL5Activations/19528
Reversal Scalping Indicator_fix@LifeInDreamsWorld.ex4,.ex4,expert_ea,scalping|mean_reversion,MQL5Activations,20652,https://t.me/MQL5Activations/20652
Reversal_Indicator_v2.mq4,.mq4,indicator,mean_reversion,MQL5Activations,19831,https://t.me/MQL5Activations/19831
Reverse_Martingale_Ver1.1.mq4,.mq4,unclassified,martingale,MQL5Activations,19143,https://t.me/MQL5Activations/19143
ReverseTMA(OP).mq4,.mq4,indicator,,MQL5Activations,18786,https://t.me/MQL5Activations/18786
RFP VISION EA v1.0.zip,.zip,expert_ea,,MQL5Activations,21109,https://t.me/MQL5Activations/21109
RHO.mq4,.mq4,unclassified,,MQL5Activations,18689,https://t.me/MQL5Activations/18689
rich forever indi_@LifeInDreamsWorld.ex4,.ex4,unclassified,,MQL5Activations,21044,https://t.me/MQL5Activations/21044
Riffster_RSI_Recode.mq4,.mq4,indicator,,MQL5Activations,19572,https://t.me/MQL5Activations/19572
Rio Scalping 99.ex4,.ex4,expert_ea,scalping,MQL5Activations,20967,https://t.me/MQL5Activations/20967
Risk Reward Ratio.mq4,.mq4,unclassified,,MQL5Activations,19285,https://t.me/MQL5Activations/19285
Riskless Pyramid_fix_1420.ex4,.ex4,unclassified,,MQL5Activations,19946,https://t.me/MQL5Activations/19946
RM-SCALPER_unlocked.ex4,.ex4,expert_ea,grid|scalping,MQL5Activations,20972,https://t.me/MQL5Activations/20972
RNS Supply and Demand MT4 indicator @indicatorsmt5mt4.zip,.zip,indicator,,MQL5Activations,20757,https://t.me/MQL5Activations/20757
Robot Apolo scalping .ex4,.ex4,expert_ea,scalping,MQL5Activations,20771,https://t.me/MQL5Activations/20771
Robot Apolo scalping@LifeInDreamsWorld .ex4,.ex4,expert_ea,scalping,MQL5Activations,20952,https://t.me/MQL5Activations/20952
RobotPowerM5_meta4V1(26AUG05).mq4,.mq4,expert_ea,scalping,MQL5Activations,18548,https://t.me/MQL5Activations/18548
RobotPowerM5_meta4V1(30AUG05).mq4,.mq4,expert_ea,scalping,MQL5Activations,18549,https://t.me/MQL5Activations/18549
RobotPowerM5_meta4V12.mq4,.mq4,expert_ea,scalping,MQL5Activations,19280,https://t.me/MQL5Activations/19280
ROC.mq4,.mq4,unclassified,,MQL5Activations,18550,https://t.me/MQL5Activations/18550
RoNz Auto SL-TS-TP.mq4,.mq4,unclassified,,MQL5Activations,19139,https://t.me/MQL5Activations/19139
RoundLevelsIndicator.mq4,.mq4,indicator,,MQL5Activations,19807,https://t.me/MQL5Activations/19807
ROYAL BINARY FTR.zip,.zip,unclassified,,MQL5Activations,20108,https://t.me/MQL5Activations/20108
ROYAL_HEDGE_FUND_EA@LifeInDreamsWorld.mq4,.mq4,unclassified,grid,MQL5Activations,21093,https://t.me/MQL5Activations/21093
RoyalPrince_Goldy @LifeInDreamsWorld.ex5,.ex5,unclassified,,MQL5Activations,20998,https://t.me/MQL5Activations/20998
RoyalPrince_Goldy @SoftechFX_Robot.ex5,.ex5,expert_ea,,MQL5Activations,20979,https://t.me/MQL5Activations/20979
RoyalPrince_Goldy.ex5,.ex5,unclassified,,MQL5Activations,20974,https://t.me/MQL5Activations/20974
RoyalPrince_Goldy@LifeInDreamsWorld.ex5,.ex5,unclassified,,MQL5Activations,21000,https://t.me/MQL5Activations/21000
RPM5_MT4V1_[ea].mq4,.mq4,unclassified,scalping,MQL5Activations,18551,https://t.me/MQL5Activations/18551
RSI + Bollinger bands 1.03 & lines + alerts + arrows mtf.mq4,.mq4,indicator,breakout,MQL5Activations,19505,https://t.me/MQL5Activations/19505
rsi - smoothed - mtf + alerts + lines.mq4,.mq4,indicator,,MQL5Activations,19664,https://t.me/MQL5Activations/19664
RSI - mtf + alerts + arrows 2_1.mq4,.mq4,indicator,,MQL5Activations,19499,https://t.me/MQL5Activations/19499
RSI _26 CCI Values on Chart Window.mq4,.mq4,indicator,,MQL5Activations,19121,https://t.me/MQL5Activations/19121
RSI Alerts with Arrows.mq4,.mq4,indicator,,MQL5Activations,19655,https://t.me/MQL5Activations/19655
RSI CROSS.mq4,.mq4,indicator,,MQL5Activations,18552,https://t.me/MQL5Activations/18552
RSI CROSS1.mq4,.mq4,indicator,,MQL5Activations,18553,https://t.me/MQL5Activations/18553
rsi experiment extended alerts.mq4,.mq4,indicator,,MQL5Activations,18957,https://t.me/MQL5Activations/18957
RSI Signal.mq4,.mq4,indicator,,MQL5Activations,19583,https://t.me/MQL5Activations/19583
RSI STO WPR OBOS Zone3c.mq4,.mq4,indicator,,MQL5Activations,18851,https://t.me/MQL5Activations/18851
Rsi TMA centered no REPAINT.mq4,.mq4,indicator,trend_following,MQL5Activations,19647,https://t.me/MQL5Activations/19647
RSI TMA ML.mq4,.mq4,indicator,trend_following,MQL5Activations,19129,https://t.me/MQL5Activations/19129
Rsi Tma Signals.mq4,.mq4,indicator,trend_following,MQL5Activations,19422,https://t.me/MQL5Activations/19422
RSI trader v0.10.mq4,.mq4,indicator,,MQL5Activations,18554,https://t.me/MQL5Activations/18554
RSI&CCI DIVERGENCE V1.mq4,.mq4,indicator,,MQL5Activations,19287,https://t.me/MQL5Activations/19287
RSI+2CCI+HAS_MTF.mq4,.mq4,indicator,,MQL5Activations,18906,https://t.me/MQL5Activations/18906
rsi-arrow.mq4,.mq4,indicator,,MQL5Activations,19493,https://t.me/MQL5Activations/19493
Rsi-arrows.mq4,.mq4,indicator,,MQL5Activations,18668,https://t.me/MQL5Activations/18668
rsi-bollinger-bands-1-02-lines-alerts-arrow-mtf.mq4,.mq4,indicator,breakout,MQL5Activations,19675,https://t.me/MQL5Activations/19675
RSI-MA-BUY-SELL-SIGNAL-WALERT_BTEfix_Mod.mq4,.mq4,indicator,,MQL5Activations,19577,https://t.me/MQL5Activations/19577
RSI-TC_NEW.mq4,.mq4,indicator,,MQL5Activations,18982,https://t.me/MQL5Activations/18982
RSI-Trend-Dots mtf.mq4,.mq4,indicator,trend_following,MQL5Activations,19503,https://t.me/MQL5Activations/19503
rsi_2tf.mq4,.mq4,indicator,,MQL5Activations,18677,https://t.me/MQL5Activations/18677
RSI_BollingerBands.mq4,.mq4,indicator,breakout,MQL5Activations,19286,https://t.me/MQL5Activations/19286
RSI_EA.mq4,.mq4,indicator,,MQL5Activations,18555,https://t.me/MQL5Activations/18555
rsi_ea.mq4,.mq4,indicator,,MQL5Activations,19281,https://t.me/MQL5Activations/19281
RSI_FWA.mq4,.mq4,indicator,,MQL5Activations,19721,https://t.me/MQL5Activations/19721
RSI_MultiOS.mq4,.mq4,indicator,,MQL5Activations,19512,https://t.me/MQL5Activations/19512
RSI_Multisignals.mq4,.mq4,indicator,,MQL5Activations,19510,https://t.me/MQL5Activations/19510
rsi_of_nma_2_mtf__alerts.mq4,.mq4,indicator,,MQL5Activations,19215,https://t.me/MQL5Activations/19215
rsima 13 nmc 6 lines ENTRY-EXIT.mq4,.mq4,indicator,trend_following,MQL5Activations,19385,https://t.me/MQL5Activations/19385
RSIx3 + alerts + arrows mtf.mq4,.mq4,indicator,,MQL5Activations,19472,https://t.me/MQL5Activations/19472
rsx nrp mtf + arrows + alerts nmc 1.21.mq4,.mq4,indicator,,MQL5Activations,19506,https://t.me/MQL5Activations/19506
rsx nrp_coronforex.mq4,.mq4,unclassified,,MQL5Activations,19592,https://t.me/MQL5Activations/19592
RUSH_EU-M5_EA@LifeInDreamsWorld.ex4,.ex4,unclassified,scalping,MQL5Activations,21053,https://t.me/MQL5Activations/21053
russian20-HP.mq4,.mq4,unclassified,,MQL5Activations,18556,https://t.me/MQL5Activations/18556
russian20-HP1.mq4,.mq4,unclassified,,MQL5Activations,18557,https://t.me/MQL5Activations/18557
RVIxn + ADXpmDI MTF TT.mq4,.mq4,unclassified,,MQL5Activations,19176,https://t.me/MQL5Activations/19176
S-KG BUYERS vs SELLERS 1M-8D(3).ex4,.ex4,unclassified,,MQL5Activations,20772,https://t.me/MQL5Activations/20772
S-R.1.mq4,.mq4,unclassified,,MQL5Activations,18558,https://t.me/MQL5Activations/18558
s-StochFlet.mq4,.mq4,unclassified,,MQL5Activations,18980,https://t.me/MQL5Activations/18980
s-StochTrend.mq4,.mq4,indicator,trend_following,MQL5Activations,21192,https://t.me/MQL5Activations/21192
s7 up bot V1.0 MT4.ex4,.ex4,expert_ea,,MQL5Activations,20062,https://t.me/MQL5Activations/20062
s7_up_bot_1.00.mq4,.mq4,expert_ea,,MQL5Activations,19282,https://t.me/MQL5Activations/19282
SanityArrow.mq4,.mq4,indicator,,MQL5Activations,19232,https://t.me/MQL5Activations/19232
SAR of MACD.mq4,.mq4,indicator,,MQL5Activations,18511,https://t.me/MQL5Activations/18511
SAVIOUR GOLD EA MT4.zip,.zip,expert_ea,,MQL5Activations,20755,https://t.me/MQL5Activations/20755
Sb.mq4,.mq4,unclassified,,MQL5Activations,19864,https://t.me/MQL5Activations/19864
Scalp signal.mq4,.mq4,expert_ea,scalping,MQL5Activations,19593,https://t.me/MQL5Activations/19593
ScalpBar2.mq4,.mq4,expert_ea,scalping,MQL5Activations,18996,https://t.me/MQL5Activations/18996
Scalper Viper MT4.zip,.zip,expert_ea,scalping,MQL5Activations,20145,https://t.me/MQL5Activations/20145
Scalper_AvtomatFX.com V07.004_t_fix.ex4,.ex4,expert_ea,scalping,MQL5Activations,20624,https://t.me/MQL5Activations/20624
Scalper_AvtomatFX.com V07.004_t_fix@LifeInDreamsWorld.ex4,.ex4,expert_ea,scalping,MQL5Activations,20707,https://t.me/MQL5Activations/20707
Scalper_FX@LifeInDreamsWorld.ex4,.ex4,expert_ea,scalping,MQL5Activations,21058,https://t.me/MQL5Activations/21058
Scalper_FX@LifeInDreamsWorld.mq4,.mq4,expert_ea,scalping,MQL5Activations,21054,https://t.me/MQL5Activations/21054
ScalperAngelsEA.mq4,.mq4,expert_ea,scalping|breakout,MQL5Activations,19343,https://t.me/MQL5Activations/19343
scalperinside 1.09.ex4,.ex4,expert_ea,scalping,MQL5Activations,20716,https://t.me/MQL5Activations/20716
scalperinsideproea1.08@LifeInDreamsWorld.ex4,.ex4,expert_ea,scalping,MQL5Activations,20690,https://t.me/MQL5Activations/20690
ScalperSignal_v1.01.mq4,.mq4,expert_ea,scalping,MQL5Activations,19206,https://t.me/MQL5Activations/19206
Scalping and BO.mq4,.mq4,expert_ea,scalping,MQL5Activations,19481,https://t.me/MQL5Activations/19481
Scalping Enslaver EA 1420.ex4,.ex4,expert_ea,scalping,MQL5Activations,19994,https://t.me/MQL5Activations/19994
scalping-pro@LifeInDreamsWorld.ex4,.ex4,expert_ea,scalping,MQL5Activations,21055,https://t.me/MQL5Activations/21055
SCALPING.ex4,.ex4,expert_ea,scalping,MQL5Activations,20042,https://t.me/MQL5Activations/20042
scalping_future.mq4,.mq4,expert_ea,scalping,MQL5Activations,18781,https://t.me/MQL5Activations/18781
SCARLET EURUSD M5 FEAT_fix_1420.ex4,.ex4,unclassified,scalping,MQL5Activations,19935,https://t.me/MQL5Activations/19935
SCRIPT AGORA for Iq Option @indicatorsmt5mt4.zip,.zip,indicator,,MQL5Activations,20014,https://t.me/MQL5Activations/20014
Script CIRCULO PRO Script for Iq option @indicatorsmt5mt4.zip,.zip,indicator,,MQL5Activations,20756,https://t.me/MQL5Activations/20756
script_cm_open_2_stoporders.mq4,.mq4,script,,MQL5Activations,19620,https://t.me/MQL5Activations/19620
SD_alarm.mq4,.mq4,unclassified,,MQL5Activations,18545,https://t.me/MQL5Activations/18545
SecondChart(1).mq4,.mq4,unclassified,,MQL5Activations,19085,https://t.me/MQL5Activations/19085
Secret Impulse MT4.ex4,.ex4,unclassified,,MQL5Activations,20770,https://t.me/MQL5Activations/20770
Secret Impulse MT4_.ex4,.ex4,unclassified,,MQL5Activations,20976,https://t.me/MQL5Activations/20976
Sell_Buy Scalper_agr.mq4,.mq4,expert_ea,scalping,MQL5Activations,18537,https://t.me/MQL5Activations/18537
SEMI HFT EA.ex4,.ex4,expert_ea,scalping,MQL5Activations,21112,https://t.me/MQL5Activations/21112
SEMI HFT EA@LifeInDreamsWorld.ex4,.ex4,expert_ea,scalping,MQL5Activations,21048,https://t.me/MQL5Activations/21048
Sergey_0.2.mq4,.mq4,unclassified,,MQL5Activations,18578,https://t.me/MQL5Activations/18578
Serks@LifeInDreamsWorld.mq4,.mq4,unclassified,,MQL5Activations,20672,https://t.me/MQL5Activations/20672
Serks@LifeInDreamsWorld.mq5,.mq5,unclassified,,MQL5Activations,20667,https://t.me/MQL5Activations/20667
Session breakout v01.26.mq4,.mq4,unclassified,breakout,MQL5Activations,18586,https://t.me/MQL5Activations/18586
Session breakout v01_mbk.mq4,.mq4,unclassified,breakout,MQL5Activations,18579,https://t.me/MQL5Activations/18579
SetUpProfitAndLoss.mq4,.mq4,unclassified,,MQL5Activations,19405,https://t.me/MQL5Activations/19405
SevenDaysEA MT4_fix_1420.ex4,.ex4,expert_ea,,MQL5Activations,19953,https://t.me/MQL5Activations/19953
SH 2.99_fix_1420.ex4,.ex4,unclassified,,MQL5Activations,19968,https://t.me/MQL5Activations/19968
SHI-SIGNAL_Alert.mq4,.mq4,indicator,,MQL5Activations,19817,https://t.me/MQL5Activations/19817
shi_channel_ true MT5 indicator @indicatorsmt5mt4.zip,.zip,indicator,,MQL5Activations,20754,https://t.me/MQL5Activations/20754
show-123-rh-bb.mq4,.mq4,unclassified,,MQL5Activations,18973,https://t.me/MQL5Activations/18973
show123v2.mq4,.mq4,unclassified,,MQL5Activations,19146,https://t.me/MQL5Activations/19146
Show_AverageEntryPrice AEP.mq4,.mq4,unclassified,,MQL5Activations,18640,https://t.me/MQL5Activations/18640
Show_BreakevenLevel.mq4,.mq4,unclassified,,MQL5Activations,18642,https://t.me/MQL5Activations/18642
ShowTrades@LifeInDreamsWorld.ex4,.ex4,unclassified,,MQL5Activations,21178,https://t.me/MQL5Activations/21178
ShowTrades@LifeInDreamsWorld.ex5,.ex5,unclassified,,MQL5Activations,21181,https://t.me/MQL5Activations/21181
shved_supply_and_demand.mq4,.mq4,indicator,,MQL5Activations,19233,https://t.me/MQL5Activations/19233
SidewaysDetector.mq4,.mq4,unclassified,,MQL5Activations,19220,https://t.me/MQL5Activations/19220
sidus v.2 No_Rep.mq4,.mq4,unclassified,,MQL5Activations,20828,https://t.me/MQL5Activations/20828
sidus v.2 No_Rep@LifeInDreamsWorld.mq4,.mq4,unclassified,,MQL5Activations,20671,https://t.me/MQL5Activations/20671
sidus_v3.mq4,.mq4,unclassified,,MQL5Activations,18889,https://t.me/MQL5Activations/18889
Sig1.mq4,.mq4,unclassified,,MQL5Activations,19409,https://t.me/MQL5Activations/19409
Signal+Arrow_v2.0.mq4,.mq4,indicator,,MQL5Activations,18779,https://t.me/MQL5Activations/18779
Signal_Vostro_V2.mq4,.mq4,indicator,,MQL5Activations,19704,https://t.me/MQL5Activations/19704
signallength.mq4,.mq4,indicator,,MQL5Activations,19421,https://t.me/MQL5Activations/19421
signals.mq4,.mq4,indicator,,MQL5Activations,18481,https://t.me/MQL5Activations/18481
Silicon Falcon2.1_fix_1420.ex4,.ex4,unclassified,,MQL5Activations,19947,https://t.me/MQL5Activations/19947
SIMOO v5 2020.mq4.mq4,.mq4,unclassified,,MQL5Activations,19667,https://t.me/MQL5Activations/19667
Simple Market Metrics V5 Code For TradingView.zip,.zip,unclassified,,MQL5Activations,20751,https://t.me/MQL5Activations/20751
simplehorizontalgrid.mq4,.mq4,unclassified,grid,MQL5Activations,18671,https://t.me/MQL5Activations/18671
SineSupportMod.mq4,.mq4,unclassified,,MQL5Activations,18529,https://t.me/MQL5Activations/18529
Sinewave with S&R Text.mq4,.mq4,unclassified,,MQL5Activations,18530,https://t.me/MQL5Activations/18530
Sinewave2.mq4,.mq4,unclassified,,MQL5Activations,18532,https://t.me/MQL5Activations/18532
Sinewave3.mq4,.mq4,unclassified,,MQL5Activations,18531,https://t.me/MQL5Activations/18531
SkyUp EA.mq4,.mq4,expert_ea,,MQL5Activations,18697,https://t.me/MQL5Activations/18697
SL2BE_Jpy.mq4,.mq4,unclassified,,MQL5Activations,18533,https://t.me/MQL5Activations/18533
SL_Calculator for MT5 @indicatorsmt5mt4.zip,.zip,indicator,,MQL5Activations,20010,https://t.me/MQL5Activations/20010
Slap-All-News-EA_1420.zip,.zip,unclassified,news,MQL5Activations,20070,https://t.me/MQL5Activations/20070
sliding-channels.mq4,.mq4,indicator,,MQL5Activations,19732,https://t.me/MQL5Activations/19732
SM EA V.1.3.1 - Dec_fix (1).ex4,.ex4,expert_ea,,MQL5Activations,21198,https://t.me/MQL5Activations/21198
SMA CrossOver_JustinTN.mq4,.mq4,unclassified,trend_following,MQL5Activations,19482,https://t.me/MQL5Activations/19482
Smart Money Concepts [LUX]_fix_fix.ex4,.ex4,unclassified,,MQL5Activations,19939,https://t.me/MQL5Activations/19939
Smart-Auto-BreakOutHedge.zip,.zip,unclassified,grid|breakout,MQL5Activations,20612,https://t.me/MQL5Activations/20612
SMART_MACHINE_3.4.0_fix_1420.ex4,.ex4,unclassified,,MQL5Activations,19923,https://t.me/MQL5Activations/19923
SmartAssTrade-V2.mq4,.mq4,unclassified,,MQL5Activations,19283,https://t.me/MQL5Activations/19283
SMC Trader Kurt1.mq4,.mq4,unclassified,,MQL5Activations,18580,https://t.me/MQL5Activations/18580
SMC Trader Skeleton v2(07SEP05).mq4,.mq4,unclassified,,MQL5Activations,18581,https://t.me/MQL5Activations/18581
SMC Trader Skeleton v2.mq4,.mq4,unclassified,,MQL5Activations,18582,https://t.me/MQL5Activations/18582
smFractalLevels-OnCloses_v1.1.mq4,.mq4,unclassified,,MQL5Activations,18820,https://t.me/MQL5Activations/18820
smLazyTMA HuskyBands_v2.1.mq4,.mq4,indicator,trend_following,MQL5Activations,18821,https://t.me/MQL5Activations/18821
smLazyTMA HuskyBands_v2.2.mq4,.mq4,indicator,trend_following,MQL5Activations,18822,https://t.me/MQL5Activations/18822
smLazyTMA Signals_v3.1.mq4,.mq4,indicator,trend_following,MQL5Activations,18823,https://t.me/MQL5Activations/18823
smTMMS Oscillator_v7.3.1.mq4,.mq4,indicator,,MQL5Activations,18639,https://t.me/MQL5Activations/18639
Sniper2.mq4,.mq4,unclassified,,MQL5Activations,19237,https://t.me/MQL5Activations/19237
SniperEA-V3.11_UNI.mq4,.mq4,unclassified,,MQL5Activations,19319,https://t.me/MQL5Activations/19319
sns_shi_fibs_channel_nmc_light.mq4,.mq4,indicator,,MQL5Activations,19863,https://t.me/MQL5Activations/19863
SOFSignal1.mq4,.mq4,indicator,,MQL5Activations,19867,https://t.me/MQL5Activations/19867
SonicTradeCopier MT5 Demo.ex5,.ex5,panel_dashboard,,MQL5Activations,20069,https://t.me/MQL5Activations/20069
Sorgo EA V2.6 MT4 1420+ UNLIMITED.zip,.zip,expert_ea,,MQL5Activations,18426,https://t.me/MQL5Activations/18426
Sorgo EA_fix (1).ex4,.ex4,expert_ea,,MQL5Activations,18420,https://t.me/MQL5Activations/18420
Sorgo EA_fix.ex4,.ex4,expert_ea,,MQL5Activations,18450,https://t.me/MQL5Activations/18450
SoundCloseOrder.mq4,.mq4,unclassified,,MQL5Activations,19825,https://t.me/MQL5Activations/19825
South East EA 4.0.zip,.zip,expert_ea,,MQL5Activations,20957,https://t.me/MQL5Activations/20957
SouthEast 3.30_nodll_1420.ex4,.ex4,unclassified,,MQL5Activations,19960,https://t.me/MQL5Activations/19960
Sov_114.zip,.zip,unclassified,,MQL5Activations,20799,https://t.me/MQL5Activations/20799
SpaceX Prop Ea Source Code MQ4.zip,.zip,expert_ea,,MQL5Activations,19288,https://t.me/MQL5Activations/19288
SpaceX_Prop_EA.mq4,.mq4,unclassified,,MQL5Activations,19258,https://t.me/MQL5Activations/19258
Spazm_Original@LifeInDreamsWorld.ex4,.ex4,unclassified,,MQL5Activations,20910,https://t.me/MQL5Activations/20910
Spazm_Original@LifeInDreamsWorld.mq4,.mq4,unclassified,,MQL5Activations,20912,https://t.me/MQL5Activations/20912
Spectrometr_Separate_Selective Cycle 2.07@LifeInDreamsWorld.mq4,.mq4,unclassified,,MQL5Activations,20681,https://t.me/MQL5Activations/20681
SPFX RECOVERY ZONE EA v1.5.mq5,.mq5,expert_ea,,MQL5Activations,21195,https://t.me/MQL5Activations/21195
SPFX RECOVERY ZONE EA v1.5@LifeInDreamsWorld.mq5,.mq5,expert_ea,,MQL5Activations,21203,https://t.me/MQL5Activations/21203
SpielersHedge EA_v2.8.1.mq4,.mq4,expert_ea,grid,MQL5Activations,18739,https://t.me/MQL5Activations/18739
SpielersHedge EA_v2.8.mq4,.mq4,expert_ea,grid,MQL5Activations,18738,https://t.me/MQL5Activations/18738
SpielersHedge MACD.mq4,.mq4,indicator,grid,MQL5Activations,18742,https://t.me/MQL5Activations/18742
SpielersHedge oClosePrices.mq4,.mq4,unclassified,grid,MQL5Activations,18741,https://t.me/MQL5Activations/18741
Spread Divergence Indicator.mq4,.mq4,indicator,,MQL5Activations,18952,https://t.me/MQL5Activations/18952
spread-indicator2.mq4,.mq4,indicator,,MQL5Activations,19791,https://t.me/MQL5Activations/19791
Spread.mq4,.mq4,unclassified,,MQL5Activations,19636,https://t.me/MQL5Activations/19636
spread_swap.mq4,.mq4,unclassified,,MQL5Activations,18737,https://t.me/MQL5Activations/18737
sqDynamicBreakoutBox_v1 600+.mq4,.mq4,unclassified,breakout,MQL5Activations,19080,https://t.me/MQL5Activations/19080
Squeeze Break Indicator.mq4,.mq4,indicator,,MQL5Activations,19132,https://t.me/MQL5Activations/19132
sr-zones-ex4-1685609179.ex4,.ex4,unclassified,,MQL5Activations,20152,https://t.me/MQL5Activations/20152
sRs-Trend-Rider@LifeInDreamsWorld.zip,.zip,indicator,trend_following,MQL5Activations,20801,https://t.me/MQL5Activations/20801
SS-Channel.mq4,.mq4,indicator,,MQL5Activations,19419,https://t.me/MQL5Activations/19419
SS_SupportResistance_v07_53_filter_alerts_MA_id_mod_Csj179t.mq4,.mq4,unclassified,,MQL5Activations,19677,https://t.me/MQL5Activations/19677
SSL fast nrp + atr bands.mq4,.mq4,indicator,,MQL5Activations,18656,https://t.me/MQL5Activations/18656
SST_CalcLong.mq4,.mq4,unclassified,,MQL5Activations,19100,https://t.me/MQL5Activations/19100
SST_CalcShort_Alerts.mq4,.mq4,unclassified,,MQL5Activations,18499,https://t.me/MQL5Activations/18499
starter_v6mod_e.mq4,.mq4,unclassified,,MQL5Activations,18583,https://t.me/MQL5Activations/18583
STAT INFORMER2.mq4,.mq4,unclassified,,MQL5Activations,19739,https://t.me/MQL5Activations/19739
Std_Dev+MA.mq4,.mq4,unclassified,,MQL5Activations,19123,https://t.me/MQL5Activations/19123
StdScore-v4.mq4,.mq4,unclassified,,MQL5Activations,18657,https://t.me/MQL5Activations/18657
Ste0.mq4,.mq4,unclassified,,MQL5Activations,19406,https://t.me/MQL5Activations/19406
Stellar-fx v2.1_fix.ex4,.ex4,unclassified,,MQL5Activations,19940,https://t.me/MQL5Activations/19940
Stellar-fx v2.1_fix_1420.ex4,.ex4,unclassified,,MQL5Activations,19959,https://t.me/MQL5Activations/19959
step one more average 2.3.1.mq4,.mq4,unclassified,,MQL5Activations,19865,https://t.me/MQL5Activations/19865
StepMA_NMC.mq4,.mq4,unclassified,,MQL5Activations,19608,https://t.me/MQL5Activations/19608
stepma_v7.2_pdf_for_ha_amp_alerts_nmc.mq4,.mq4,unclassified,,MQL5Activations,19101,https://t.me/MQL5Activations/19101
STI4_0_3.mq4,.mq4,unclassified,,MQL5Activations,18584,https://t.me/MQL5Activations/18584
Stim0.mq4,.mq4,unclassified,,MQL5Activations,19401,https://t.me/MQL5Activations/19401
Stoch.mq4,.mq4,unclassified,,MQL5Activations,19290,https://t.me/MQL5Activations/19290
Stoch@LifeInDreamsWorld.ex4,.ex4,unclassified,,MQL5Activations,21202,https://t.me/MQL5Activations/21202
Stochastic + 2 SigMA AA MTF TT.mq4,.mq4,unclassified,trend_following,MQL5Activations,18751,https://t.me/MQL5Activations/18751
Stochastic Dashboard.mq4,.mq4,panel_dashboard,,MQL5Activations,18754,https://t.me/MQL5Activations/18754
Stochastic different pairs 1.7_4.mq4,.mq4,unclassified,,MQL5Activations,18975,https://t.me/MQL5Activations/18975
stochastic of rsi alerts.mq4,.mq4,indicator,,MQL5Activations,18659,https://t.me/MQL5Activations/18659
Stochastic on Jurik smooth 10 14.mq4,.mq4,unclassified,,MQL5Activations,19329,https://t.me/MQL5Activations/19329
stochastic Ranging EA 2.ex4,.ex4,expert_ea,,MQL5Activations,20863,https://t.me/MQL5Activations/20863
stochastic Ranging EA 2@LifeInDreamsWorld.ex4,.ex4,expert_ea,,MQL5Activations,20792,https://t.me/MQL5Activations/20792
Stochastic RSI.mq4,.mq4,indicator,,MQL5Activations,19679,https://t.me/MQL5Activations/19679
Stochastic Signal.mq4,.mq4,indicator,,MQL5Activations,19558,https://t.me/MQL5Activations/19558
STOCHASTIC&PARABOLIC SCALPER.mq4,.mq4,expert_ea,scalping,MQL5Activations,19292,https://t.me/MQL5Activations/19292
Stochastic_Cross_Alert_SigOverlayM_cw(1).mq4,.mq4,unclassified,,MQL5Activations,19623,https://t.me/MQL5Activations/19623
StochasticX8 +Index +Matrix AA TT [x18x9x18x5].mq4,.mq4,unclassified,,MQL5Activations,19177,https://t.me/MQL5Activations/19177
StochHistogram + arrows + alerts mtf 1_1.mq4,.mq4,indicator,,MQL5Activations,18806,https://t.me/MQL5Activations/18806
Stong bull v6.70 MT5 indicator @indicatorsmt5mt4.zip,.zip,indicator,,MQL5Activations,20117,https://t.me/MQL5Activations/20117
stosh.mq4,.mq4,unclassified,,MQL5Activations,19615,https://t.me/MQL5Activations/19615
SUN DOTS.mq4,.mq4,unclassified,,MQL5Activations,19384,https://t.me/MQL5Activations/19384
SUN+FAN_0.4.mq4,.mq4,unclassified,,MQL5Activations,18546,https://t.me/MQL5Activations/18546
SupDem.mq4,.mq4,unclassified,,MQL5Activations,19266,https://t.me/MQL5Activations/19266
Super Arrrow Indicator icustom.mq4,.mq4,indicator,,MQL5Activations,19364,https://t.me/MQL5Activations/19364
Super Gold 2.0_fix_1420.ex4,.ex4,unclassified,,MQL5Activations,19917,https://t.me/MQL5Activations/19917
SUPER LEVELS_V1.b.mq4,.mq4,unclassified,,MQL5Activations,19050,https://t.me/MQL5Activations/19050
Super Passband Filter 1.1@LifeInDreamsWorld.mq4,.mq4,unclassified,,MQL5Activations,21185,https://t.me/MQL5Activations/21185
Super Passband Filter.mq4,.mq4,unclassified,,MQL5Activations,19156,https://t.me/MQL5Activations/19156
Super Signal of SupDem Zone.mq4,.mq4,indicator,,MQL5Activations,19742,https://t.me/MQL5Activations/19742
Super Signal v3d.mq4,.mq4,indicator,,MQL5Activations,19473,https://t.me/MQL5Activations/19473
super-arrow-indicator.mq4,.mq4,indicator,,MQL5Activations,19756,https://t.me/MQL5Activations/19756
super-signals-channel.mq4,.mq4,indicator,,MQL5Activations,19627,https://t.me/MQL5Activations/19627
super-signals-indicator.mq4,.mq4,indicator,,MQL5Activations,19241,https://t.me/MQL5Activations/19241
Super-signals_v3.mq4,.mq4,indicator,,MQL5Activations,19474,https://t.me/MQL5Activations/19474
SuperBillionEA.zip,.zip,unclassified,,MQL5Activations,21090,https://t.me/MQL5Activations/21090
SuperEATMA.mq4,.mq4,indicator,,MQL5Activations,21094,https://t.me/MQL5Activations/21094
SuperEATMA@LifeInDreamsWorld.mq4,.mq4,indicator,,MQL5Activations,21179,https://t.me/MQL5Activations/21179
Supergold2.0.ex4,.ex4,unclassified,,MQL5Activations,20641,https://t.me/MQL5Activations/20641
supermathprofit.mq4,.mq4,unclassified,,MQL5Activations,19476,https://t.me/MQL5Activations/19476
superpaintbar.mq4,.mq4,unclassified,,MQL5Activations,18931,https://t.me/MQL5Activations/18931
SuperSlopeZeroLine.mq4,.mq4,unclassified,,MQL5Activations,19529,https://t.me/MQL5Activations/19529
Supersr.mq4,.mq4,unclassified,,MQL5Activations,19180,https://t.me/MQL5Activations/19180
SuperTrend (ahtf + arrows + alerts) button.mq4,.mq4,indicator,trend_following,MQL5Activations,19751,https://t.me/MQL5Activations/19751
Supertrend EA Basic@LifeInDreamsWorld.ex4,.ex4,expert_ea,trend_following,MQL5Activations,20669,https://t.me/MQL5Activations/20669
Supertrend Plus Free@LifeInDreamsWorld.ex4,.ex4,indicator,trend_following,MQL5Activations,20660,https://t.me/MQL5Activations/20660
SuperTrend.mq4,.mq4,indicator,trend_following,MQL5Activations,19523,https://t.me/MQL5Activations/19523
SuperTrend_ mtf_Alert.mq4,.mq4,indicator,trend_following,MQL5Activations,18846,https://t.me/MQL5Activations/18846
Supertrend_cleared_3.mq4,.mq4,indicator,trend_following,MQL5Activations,18847,https://t.me/MQL5Activations/18847
supertrend_nrp_new_mtf_2_histo (alerts).mq4,.mq4,indicator,trend_following,MQL5Activations,19524,https://t.me/MQL5Activations/19524
SuperTrend_TRO_MODIFIED_VERSION.mq4,.mq4,indicator,trend_following,MQL5Activations,18848,https://t.me/MQL5Activations/18848
SuperTrendProfit EA@LifeInDreamsWorld.zip,.zip,expert_ea,trend_following,MQL5Activations,21079,https://t.me/MQL5Activations/21079
supertrendprofit5.ex4,.ex4,indicator,trend_following,MQL5Activations,21028,https://t.me/MQL5Activations/21028
Supply & Demand.ex4,.ex4,indicator,,MQL5Activations,21129,https://t.me/MQL5Activations/21129
Supply and Demand Order Blocks.ex4,.ex4,indicator,grid,MQL5Activations,20765,https://t.me/MQL5Activations/20765
Supply-Demand-Zones BT.mq4,.mq4,indicator,,MQL5Activations,19886,https://t.me/MQL5Activations/19886
Support _ Resistance [doris ZZ].mq4,.mq4,unclassified,,MQL5Activations,19093,https://t.me/MQL5Activations/19093
Support and Resistance # TLB OC v02.mq4,.mq4,unclassified,,MQL5Activations,19754,https://t.me/MQL5Activations/19754
Support and Resistance Breakout Arrows.mq4,.mq4,indicator,breakout,MQL5Activations,19765,https://t.me/MQL5Activations/19765
Support and Resistance TLB OC v02@LifeInDreamsWorld.mq4,.mq4,unclassified,,MQL5Activations,21169,https://t.me/MQL5Activations/21169
SUpRes_Breakouts.mq4,.mq4,unclassified,breakout,MQL5Activations,19250,https://t.me/MQL5Activations/19250
Sure Hedging pipschart.mq4,.mq4,unclassified,grid,MQL5Activations,18816,https://t.me/MQL5Activations/18816
SureForexHedging_2.mq4,.mq4,unclassified,grid,MQL5Activations,18818,https://t.me/MQL5Activations/18818
SweetSpotsGOLD_TRO_MODIFIED_VERSION.mq4,.mq4,indicator,,MQL5Activations,19719,https://t.me/MQL5Activations/19719
Symphonie Extreme Indicator v2 600.mq4,.mq4,indicator,,MQL5Activations,19798,https://t.me/MQL5Activations/19798
Symphonie Extreme Indicator v3 600.mq4,.mq4,indicator,,MQL5Activations,19797,https://t.me/MQL5Activations/19797
Symphonie_Autorefresh_v3_0.mq4,.mq4,unclassified,,MQL5Activations,19753,https://t.me/MQL5Activations/19753
Symphonie_Extreme_Cycle_Indikator2.mq4,.mq4,unclassified,,MQL5Activations,19796,https://t.me/MQL5Activations/19796
Synergy_HeikenAshi.mq4,.mq4,unclassified,,MQL5Activations,19122,https://t.me/MQL5Activations/19122
Synergy_TDI.mq4,.mq4,unclassified,,MQL5Activations,19124,https://t.me/MQL5Activations/19124
System RSI Lido with Spike Extreme MT4.zip,.zip,indicator,,MQL5Activations,20654,https://t.me/MQL5Activations/20654
System Trend Rider 3 MT4@LifeInDreamsWorld.zip,.zip,indicator,trend_following,MQL5Activations,20903,https://t.me/MQL5Activations/20903
T INGA TINGA ROBOT V23s.mq4,.mq4,expert_ea,,MQL5Activations,19357,https://t.me/MQL5Activations/19357
T3 Force Histo (mtf + alerts).mq4,.mq4,unclassified,,MQL5Activations,19549,https://t.me/MQL5Activations/19549
T3 Fozzy (mtf + alerts + arrows).mq4,.mq4,indicator,,MQL5Activations,18658,https://t.me/MQL5Activations/18658
T3 high-low activator mtf 1.01.mq4,.mq4,unclassified,,MQL5Activations,18645,https://t.me/MQL5Activations/18645
T3+Snake_EhlersFisher_1.mq4,.mq4,unclassified,,MQL5Activations,19591,https://t.me/MQL5Activations/19591
T3_Price_Overlay@LifeInDreamsWorld.ex5,.ex5,unclassified,,MQL5Activations,20682,https://t.me/MQL5Activations/20682
T3MA-ALARM.mq4,.mq4,unclassified,,MQL5Activations,19814,https://t.me/MQL5Activations/19814
take profit.mq4,.mq4,unclassified,,MQL5Activations,19191,https://t.me/MQL5Activations/19191
Tambang Emas 55.ex4,.ex4,unclassified,,MQL5Activations,20746,https://t.me/MQL5Activations/20746
TARGET PRO1 2022 Script for IQ Option @indicatorsmt5mt4.zip,.zip,indicator,,MQL5Activations,20008,https://t.me/MQL5Activations/20008
TaurusValueCrart.mq4,.mq4,unclassified,,MQL5Activations,19465,https://t.me/MQL5Activations/19465
TD Sequential Ultimate.mq4,.mq4,unclassified,,MQL5Activations,19708,https://t.me/MQL5Activations/19708
TDI Red Green Tape.mq4,.mq4,unclassified,,MQL5Activations,18732,https://t.me/MQL5Activations/18732
TDI Red Green_alerts_mtf 2.02 alert.mq4,.mq4,unclassified,,MQL5Activations,18733,https://t.me/MQL5Activations/18733
TDI.mq4,.mq4,unclassified,,MQL5Activations,18734,https://t.me/MQL5Activations/18734
TDI_MA_hist-MOD-K.mq4,.mq4,unclassified,,MQL5Activations,19760,https://t.me/MQL5Activations/19760
TDI_s5.mq4,.mq4,unclassified,,MQL5Activations,19873,https://t.me/MQL5Activations/19873
TDSGlobal.mq4,.mq4,unclassified,,MQL5Activations,19291,https://t.me/MQL5Activations/19291
tenkan sen - kijun sen histo (mtf + alerts + arrows).mq4,.mq4,indicator,,MQL5Activations,19116,https://t.me/MQL5Activations/19116
Terakot77@LifeInDreamsWorld.zip,.zip,unclassified,,MQL5Activations,20802,https://t.me/MQL5Activations/20802
test indik.mq4,.mq4,unclassified,,MQL5Activations,19533,https://t.me/MQL5Activations/19533
TEST3.mq4,.mq4,unclassified,,MQL5Activations,19537,https://t.me/MQL5Activations/19537
Tester_v0_15_.mq4,.mq4,unclassified,,MQL5Activations,19295,https://t.me/MQL5Activations/19295
testSig.mq4,.mq4,unclassified,,MQL5Activations,19649,https://t.me/MQL5Activations/19649
TETRIS.mq4,.mq4,unclassified,,MQL5Activations,19271,https://t.me/MQL5Activations/19271
TFU_Bomb.ex4,.ex4,unclassified,,MQL5Activations,21099,https://t.me/MQL5Activations/21099
TFU_Bomb@LifeInDreamsWorld.ex4,.ex4,unclassified,,MQL5Activations,21102,https://t.me/MQL5Activations/21102
The Anti.mq4,.mq4,unclassified,,MQL5Activations,19228,https://t.me/MQL5Activations/19228
THE CANDLESTICK TRADING BIBLE.zip,.zip,unclassified,scalping,MQL5Activations,20830,https://t.me/MQL5Activations/20830
THE CANDLESTICK TRADING BIBLE@LifeInDreamsWorld.zip,.zip,unclassified,scalping,MQL5Activations,20845,https://t.me/MQL5Activations/20845
THE GHOST LIMITED ADDITION V.2 Currency.mq4,.mq4,unclassified,,MQL5Activations,19383,https://t.me/MQL5Activations/19383
The Gold Reaper MT4 V1.5_fix_1420.ex4,.ex4,unclassified,,MQL5Activations,19949,https://t.me/MQL5Activations/19949
The Gold Reaper v1.3.ex4,.ex4,unclassified,,MQL5Activations,18403,https://t.me/MQL5Activations/18403
The Gold Reaper v1.9-1420.ex4,.ex4,unclassified,,MQL5Activations,20054,https://t.me/MQL5Activations/20054
The Gold Reaper_2.3.ex4,.ex4,unclassified,,MQL5Activations,20642,https://t.me/MQL5Activations/20642
The Gold Reaper_2.3@LifeInDreamsWorld.ex4,.ex4,unclassified,,MQL5Activations,20813,https://t.me/MQL5Activations/20813
THE GRAIL - Secured_fix.ex4,.ex4,unclassified,,MQL5Activations,20181,https://t.me/MQL5Activations/20181
The Grail Funding Crusher v2 MT4+MT5.zip,.zip,unclassified,,MQL5Activations,20190,https://t.me/MQL5Activations/20190
THE KING _EA_v1.mq4,.mq4,unclassified,,MQL5Activations,19368,https://t.me/MQL5Activations/19368
The Law of Jungle.ex4,.ex4,unclassified,,MQL5Activations,18457,https://t.me/MQL5Activations/18457
The Predator.mq4,.mq4,unclassified,,MQL5Activations,19297,https://t.me/MQL5Activations/19297
The winner EA MT4-2.1-fix_1420.ex4,.ex4,expert_ea,,MQL5Activations,19936,https://t.me/MQL5Activations/19936
THE_AUDCAD_typeB_M5_V1_EB_fix_1420.ex4,.ex4,unclassified,scalping,MQL5Activations,19945,https://t.me/MQL5Activations/19945
The_Moroccan_Traders_Scalper_EA_Xau_&_Curracy@LifeInDreamsWorld.ex4,.ex4,expert_ea,scalping,MQL5Activations,20689,https://t.me/MQL5Activations/20689
TheClassicTurtleTrader@LifeInDreamsWorld.zip,.zip,unclassified,,MQL5Activations,20804,https://t.me/MQL5Activations/20804
TheMasterMind2.mq4,.mq4,unclassified,,MQL5Activations,19293,https://t.me/MQL5Activations/19293
ThePuncher.mq4,.mq4,unclassified,,MQL5Activations,19294,https://t.me/MQL5Activations/19294
Thick Wick BT.mq4,.mq4,unclassified,,MQL5Activations,18685,https://t.me/MQL5Activations/18685
ThreeBreaky_v1.mq4,.mq4,unclassified,,MQL5Activations,19296,https://t.me/MQL5Activations/19296
THUNDER BOLT EA 3.0 (1).ex4,.ex4,expert_ea,,MQL5Activations,18437,https://t.me/MQL5Activations/18437
Thunder Strike FZ.mq4,.mq4,unclassified,,MQL5Activations,18811,https://t.me/MQL5Activations/18811
THV Coral FILTER .mq4,.mq4,unclassified,,MQL5Activations,19467,https://t.me/MQL5Activations/19467
Tick's_Profile_Market.mq4,.mq4,unclassified,scalping,MQL5Activations,19447,https://t.me/MQL5Activations/19447
Tick's_Profile_Market@LifeInDreamsWorld.mq4,.mq4,unclassified,scalping,MQL5Activations,21019,https://t.me/MQL5Activations/21019
TickSniper MT4_fix_1420.ex4,.ex4,unclassified,scalping,MQL5Activations,19979,https://t.me/MQL5Activations/19979
tiger.mq4,.mq4,unclassified,,MQL5Activations,19299,https://t.me/MQL5Activations/19299
Tight_Trailing_Stops(manual).mq4,.mq4,unclassified,,MQL5Activations,18508,https://t.me/MQL5Activations/18508
Tight_Trailing_Stops(manual)@LifeInDreamsWorld.mq4,.mq4,unclassified,,MQL5Activations,21170,https://t.me/MQL5Activations/21170
Tight_Trailing_Stops.mq4,.mq4,unclassified,,MQL5Activations,18509,https://t.me/MQL5Activations/18509
Tight_Trailing_Stops@LifeInDreamsWorld.mq4,.mq4,unclassified,,MQL5Activations,21168,https://t.me/MQL5Activations/21168
Time Fractal Energy adaptive Laguerre RSI@LifeInDreamsWorld.ex5,.ex5,indicator,,MQL5Activations,20683,https://t.me/MQL5Activations/20683
Time_Candle.mq4,.mq4,unclassified,,MQL5Activations,19516,https://t.me/MQL5Activations/19516
tipu_renko.mq4,.mq4,unclassified,,MQL5Activations,18886,https://t.me/MQL5Activations/18886
Titan X Forex Robot.zip,.zip,expert_ea,,MQL5Activations,21065,https://t.me/MQL5Activations/21065
Titan X Forex Robot@LifeInDreamsWorld .ex4,.ex4,expert_ea,,MQL5Activations,21060,https://t.me/MQL5Activations/21060
TLOMI NonLagMA_v4.mq4,.mq4,unclassified,,MQL5Activations,18944,https://t.me/MQL5Activations/18944
Tma Bands ShepherdFX.ex4,.ex4,indicator,trend_following,MQL5Activations,18435,https://t.me/MQL5Activations/18435
TMA Centered MACD v8 HAL sgMTF TT RP+NRP.mq4,.mq4,indicator,trend_following,MQL5Activations,19393,https://t.me/MQL5Activations/19393
TMA Forexroboot1.ex5,.ex5,indicator,trend_following,MQL5Activations,18415,https://t.me/MQL5Activations/18415
TMA nrp + bands + alerts_mtf.mq4,.mq4,indicator,trend_following,MQL5Activations,19051,https://t.me/MQL5Activations/19051
TMA slope true Scalper (2).mq4,.mq4,expert_ea,scalping|trend_following,MQL5Activations,18660,https://t.me/MQL5Activations/18660
TMA+CG 4C AA MTF TT.mq4,.mq4,indicator,,MQL5Activations,19110,https://t.me/MQL5Activations/19110
TMA+CG 4C RL AA MTF TT@LifeInDreamsWorld.mq4,.mq4,indicator,,MQL5Activations,21085,https://t.me/MQL5Activations/21085
TMA+CG mladen alerts mtf nrp_3.mq4,.mq4,indicator,,MQL5Activations,19197,https://t.me/MQL5Activations/19197
TMA+CG mladen.mq4,.mq4,indicator,,MQL5Activations,19604,https://t.me/MQL5Activations/19604
TMA+CG MTF AA TT NoRePaint.mq4,.mq4,indicator,,MQL5Activations,19681,https://t.me/MQL5Activations/19681
tma-cg-mtf-indicator.mq4,.mq4,indicator,,MQL5Activations,19684,https://t.me/MQL5Activations/19684
TMA_-_KC.mq4,.mq4,indicator,,MQL5Activations,19826,https://t.me/MQL5Activations/19826
TMAx3 HZL AA fMTF MMS+TT w NRP.mq4,.mq4,indicator,,MQL5Activations,18824,https://t.me/MQL5Activations/18824
TopBottomEA V1.31 1420_fix.ex4,.ex4,expert_ea,,MQL5Activations,20095,https://t.me/MQL5Activations/20095
TopGun EA V2.0 MT4 (1421).zip,.zip,expert_ea,,MQL5Activations,20073,https://t.me/MQL5Activations/20073
TopGun EA V2.0 MT4 (build 1421+).zip,.zip,expert_ea,,MQL5Activations,20082,https://t.me/MQL5Activations/20082
TOPGUN TCV SURPRISE DeLUX~@LifeInDreamsWorld.mq4,.mq4,unclassified,,MQL5Activations,20776,https://t.me/MQL5Activations/20776
TOPTREND.mq4,.mq4,indicator,trend_following,MQL5Activations,19042,https://t.me/MQL5Activations/19042
TORNADO NON Repainting Indicator@LifeInDreamsWorld.zip,.zip,indicator,,MQL5Activations,20787,https://t.me/MQL5Activations/20787
TPS Pair Hedging EA.ex4,.ex4,expert_ea,grid,MQL5Activations,20851,https://t.me/MQL5Activations/20851
TPSpro RFI Levels_fix@LifeInDreamsWorld.ex4,.ex4,unclassified,,MQL5Activations,20709,https://t.me/MQL5Activations/20709
Tradable Correlations 1.8.mq4,.mq4,unclassified,,MQL5Activations,18947,https://t.me/MQL5Activations/18947
Trade Assistant MT4_10.16_fix @LifeInDreamsWorld.ex4,.ex4,unclassified,,MQL5Activations,21009,https://t.me/MQL5Activations/21009
Trade Assistant MT4_10.16_fix @SoftechFX_Robot.ex4,.ex4,expert_ea,,MQL5Activations,20981,https://t.me/MQL5Activations/20981
Trade Assistant MT4_10.16_fix.ex4,.ex4,unclassified,,MQL5Activations,20977,https://t.me/MQL5Activations/20977
Trade Capital PRO Grid Bot.ex4,.ex4,expert_ea,grid,MQL5Activations,18449,https://t.me/MQL5Activations/18449
Trade City D1 MA 5 EA.mq4,.mq4,expert_ea,trend_following,MQL5Activations,19225,https://t.me/MQL5Activations/19225
Trade Explorer_fix_1420.ex4,.ex4,unclassified,,MQL5Activations,18463,https://t.me/MQL5Activations/18463
Trade Manager.mq4,.mq4,panel_dashboard,,MQL5Activations,18887,https://t.me/MQL5Activations/18887
Trade Panel Utilities V17.93 MT4.zip,.zip,panel_dashboard,,MQL5Activations,20000,https://t.me/MQL5Activations/20000
trade_protector-1.0.mq4,.mq4,unclassified,,MQL5Activations,18534,https://t.me/MQL5Activations/18534
trade_protector-1.2.mq4,.mq4,unclassified,,MQL5Activations,18535,https://t.me/MQL5Activations/18535
TradeChannel.mq4,.mq4,indicator,,MQL5Activations,19300,https://t.me/MQL5Activations/19300
TradeInfo v2_3.mq4,.mq4,unclassified,,MQL5Activations,19333,https://t.me/MQL5Activations/19333
TradePanel MT4_fix.ex4,.ex4,panel_dashboard,,MQL5Activations,20038,https://t.me/MQL5Activations/20038
TradeReport.mq4,.mq4,script,,MQL5Activations,19335,https://t.me/MQL5Activations/19335
Traders_Dynamic_Cb_ssa_norm_Index_alerts+arrows1@LifeInDreamsWorld.mq4,.mq4,indicator,,MQL5Activations,20880,https://t.me/MQL5Activations/20880
TradeWorld_SA.ex5,.ex5,unclassified,,MQL5Activations,20133,https://t.me/MQL5Activations/20133
TradeXpert V3.2 @LifeInDreamsWorld.ex5,.ex5,expert_ea,,MQL5Activations,20632,https://t.me/MQL5Activations/20632
TradeXpert V3.2 @SoftechFX_Robot (1).ex5,.ex5,expert_ea,,MQL5Activations,20635,https://t.me/MQL5Activations/20635
Trading Criteria.mq4,.mq4,unclassified,,MQL5Activations,19301,https://t.me/MQL5Activations/19301
Trading_Volume FTR.mq4,.mq4,unclassified,,MQL5Activations,19179,https://t.me/MQL5Activations/19179
traffic_light_strategy.mq4,.mq4,unclassified,,MQL5Activations,19302,https://t.me/MQL5Activations/19302
Trailing Stop on Profit mt4.zip,.zip,unclassified,,MQL5Activations,18419,https://t.me/MQL5Activations/18419
Trailing Stop on Profit mt5.zip,.zip,unclassified,,MQL5Activations,18418,https://t.me/MQL5Activations/18418
Trend Arrows.mq4,.mq4,indicator,trend_following,MQL5Activations,18763,https://t.me/MQL5Activations/18763
Trend direction & force index~.mq4,.mq4,indicator,trend_following,MQL5Activations,19548,https://t.me/MQL5Activations/19548
TREND DYNAMIC.mq4,.mq4,indicator,trend_following,MQL5Activations,18897,https://t.me/MQL5Activations/18897
Trend envelopes - of averages - histo.ex5,.ex5,indicator,trend_following,MQL5Activations,20860,https://t.me/MQL5Activations/20860
Trend envelopes - of averages - histo@LifeInDreamsWorld.ex5,.ex5,indicator,trend_following,MQL5Activations,20680,https://t.me/MQL5Activations/20680
TREND FINDER.mq4,.mq4,indicator,trend_following,MQL5Activations,19303,https://t.me/MQL5Activations/19303
Trend Following Gold MT4.zip,.zip,indicator,trend_following,MQL5Activations,20079,https://t.me/MQL5Activations/20079
Trend Line.mq4,.mq4,indicator,trend_following,MQL5Activations,19305,https://t.me/MQL5Activations/19305
Trend Perceptron MT5 Robot.ex5,.ex5,expert_ea,trend_following,MQL5Activations,21193,https://t.me/MQL5Activations/21193
Trend Plus Breakout System.zip,.zip,indicator,trend_following|breakout,MQL5Activations,20729,https://t.me/MQL5Activations/20729
Trend Rider 3@LifeInDreamsWorld.zip,.zip,indicator,trend_following,MQL5Activations,20803,https://t.me/MQL5Activations/20803
Trend scalp (mtf + arrows + alerts) download.mq4,.mq4,expert_ea,scalping|trend_following,MQL5Activations,19605,https://t.me/MQL5Activations/19605
Trend scalp (mtf + arrows + alerts).mq4,.mq4,expert_ea,scalping|trend_following,MQL5Activations,18951,https://t.me/MQL5Activations/18951
Trend Scanner.ex4,.ex4,indicator,trend_following,MQL5Activations,20035,https://t.me/MQL5Activations/20035
Trend Speed 4+ [поручик].mq4,.mq4,indicator,trend_following,MQL5Activations,18750,https://t.me/MQL5Activations/18750
Trend+Levels VRD 4H smp.mq4,.mq4,indicator,trend_following,MQL5Activations,18749,https://t.me/MQL5Activations/18749
trend_catcher.mq4,.mq4,indicator,trend_following,MQL5Activations,19306,https://t.me/MQL5Activations/19306
Trend_line.ex4,.ex4,indicator,trend_following,MQL5Activations,19785,https://t.me/MQL5Activations/19785
trend_manager.ex5,.ex5,indicator,trend_following,MQL5Activations,20861,https://t.me/MQL5Activations/20861
trend_manager@LifeInDreamsWorld.ex5,.ex5,indicator,trend_following,MQL5Activations,20685,https://t.me/MQL5Activations/20685
trendalt_Alert.mq4,.mq4,indicator,trend_following,MQL5Activations,18663,https://t.me/MQL5Activations/18663
TrendArrows.mq4,.mq4,indicator,trend_following,MQL5Activations,19747,https://t.me/MQL5Activations/19747
trenddinamicindex.mq4,.mq4,indicator,trend_following,MQL5Activations,18502,https://t.me/MQL5Activations/18502
TrendFollower.ex4,.ex4,indicator,trend_following,MQL5Activations,20123,https://t.me/MQL5Activations/20123
TrendLine_Alpha_v1.4.mq4,.mq4,indicator,trend_following,MQL5Activations,18785,https://t.me/MQL5Activations/18785
TrendLines_Auto.mq4,.mq4,indicator,trend_following,MQL5Activations,18705,https://t.me/MQL5Activations/18705
TrendMaestro.ex4,.ex4,indicator,trend_following,MQL5Activations,21022,https://t.me/MQL5Activations/21022
TrendMeLeaveMe.mq4,.mq4,indicator,trend_following,MQL5Activations,19304,https://t.me/MQL5Activations/19304
trendpowercurve@LifeInDreamsWorld.ex4,.ex4,indicator,trend_following,MQL5Activations,20889,https://t.me/MQL5Activations/20889
TrendRange_v2.mq4,.mq4,indicator,trend_following|breakout,MQL5Activations,18855,https://t.me/MQL5Activations/18855
TrendSignal 2.2 mtf.mq4,.mq4,indicator,trend_following,MQL5Activations,18622,https://t.me/MQL5Activations/18622
TrendSignal 2.31 mtf.mq4,.mq4,indicator,trend_following,MQL5Activations,19057,https://t.me/MQL5Activations/19057
Trendsignal v2@LifeInDreamsWorld.ex4,.ex4,indicator,trend_following,MQL5Activations,20911,https://t.me/MQL5Activations/20911
Trendsignal v2@LifeInDreamsWorld.mq4,.mq4,indicator,trend_following,MQL5Activations,20913,https://t.me/MQL5Activations/20913
trendsignal.mq4,.mq4,indicator,trend_following,MQL5Activations,18538,https://t.me/MQL5Activations/18538
TrendWave.mq4,.mq4,indicator,trend_following,MQL5Activations,19041,https://t.me/MQL5Activations/19041
TriangularMA_centered_asymmetric_bands_nmc.mq4,.mq4,indicator,,MQL5Activations,19696,https://t.me/MQL5Activations/19696
triangularma_centered_envelope_mtfalerts.mq4,.mq4,unclassified,,MQL5Activations,18895,https://t.me/MQL5Activations/18895
Trinity Impulse Full.mq4,.mq4,unclassified,,MQL5Activations,19336,https://t.me/MQL5Activations/19336
Trix Full.mq4,.mq4,unclassified,,MQL5Activations,19338,https://t.me/MQL5Activations/19338
TRO_DYNAMIC_FIBS_SR_Trail.mq4,.mq4,indicator,,MQL5Activations,19031,https://t.me/MQL5Activations/19031
TRO_RAT_ZONE_mod.mq4,.mq4,unclassified,,MQL5Activations,18710,https://t.me/MQL5Activations/18710
Troika.mq4,.mq4,unclassified,,MQL5Activations,19812,https://t.me/MQL5Activations/19812
True Fractal mtf.mq4,.mq4,unclassified,,MQL5Activations,18866,https://t.me/MQL5Activations/18866
True Fractals New TT.mq4,.mq4,unclassified,,MQL5Activations,19049,https://t.me/MQL5Activations/19049
true-fractals-bands-mtf-indicator.mq4,.mq4,indicator,,MQL5Activations,19575,https://t.me/MQL5Activations/19575
true-range-bands mtf.mq4,.mq4,indicator,breakout,MQL5Activations,18963,https://t.me/MQL5Activations/18963
TrueScalper_Ron_Ruby_MT4_v11_step1.mq4,.mq4,expert_ea,scalping,MQL5Activations,18560,https://t.me/MQL5Activations/18560
TrueScalperProfitLock.mq4,.mq4,expert_ea,grid|scalping,MQL5Activations,18984,https://t.me/MQL5Activations/18984
TrueScalpperV11-1.1.mq4,.mq4,expert_ea,scalping,MQL5Activations,18561,https://t.me/MQL5Activations/18561
TrueScalpperV11-1.mq4,.mq4,expert_ea,scalping,MQL5Activations,18559,https://t.me/MQL5Activations/18559
TrueScalpperV114.mq4,.mq4,expert_ea,scalping,MQL5Activations,18563,https://t.me/MQL5Activations/18563
TrueScalpperV12.mq4,.mq4,expert_ea,scalping,MQL5Activations,18562,https://t.me/MQL5Activations/18562
TrueTL button.mq4,.mq4,panel_dashboard,,MQL5Activations,19067,https://t.me/MQL5Activations/19067
TrueTL V1.01.mq4,.mq4,unclassified,,MQL5Activations,18759,https://t.me/MQL5Activations/18759
Trump & ELon Robot@LifeInDreamsWorld.ex4,.ex4,expert_ea,,MQL5Activations,21180,https://t.me/MQL5Activations/21180
TSD OsMA fxid10t mod.mq4,.mq4,unclassified,trend_following,MQL5Activations,18564,https://t.me/MQL5Activations/18564
TSD v.32 IBFX mini.mq4,.mq4,unclassified,,MQL5Activations,18565,https://t.me/MQL5Activations/18565
TSD v.34 1hr trade.mq4,.mq4,unclassified,,MQL5Activations,18567,https://t.me/MQL5Activations/18567
TSI-Osc.mq4,.mq4,unclassified,,MQL5Activations,18747,https://t.me/MQL5Activations/18747
TSI_Signals.mq4,.mq4,indicator,,MQL5Activations,18745,https://t.me/MQL5Activations/18745
TSR EA @LifeInDreamsWorld.ex4,.ex4,expert_ea,,MQL5Activations,21001,https://t.me/MQL5Activations/21001
TSR EA @SoftechFX_Robot.ex4,.ex4,expert_ea,,MQL5Activations,20978,https://t.me/MQL5Activations/20978
TSR EA.ex4,.ex4,expert_ea,,MQL5Activations,20963,https://t.me/MQL5Activations/20963
TSR.mq4,.mq4,unclassified,,MQL5Activations,18834,https://t.me/MQL5Activations/18834
TTM scalper.mq4,.mq4,expert_ea,scalping,MQL5Activations,18807,https://t.me/MQL5Activations/18807
ttm_scalper .mq4,.mq4,expert_ea,scalping,MQL5Activations,19582,https://t.me/MQL5Activations/19582
Tundra Best Line Break.mq4,.mq4,unclassified,,MQL5Activations,18836,https://t.me/MQL5Activations/18836
Tundra Best Line Break_Alert_Arrows.mq4,.mq4,indicator,,MQL5Activations,19668,https://t.me/MQL5Activations/19668
Tundra level.mq4,.mq4,unclassified,,MQL5Activations,18681,https://t.me/MQL5Activations/18681
TurtleTraderV1_0_1.mq4,.mq4,unclassified,,MQL5Activations,19308,https://t.me/MQL5Activations/19308
tvi_v2.01_mtf.mq4,.mq4,unclassified,,MQL5Activations,18688,https://t.me/MQL5Activations/18688
Twin_Range_Filter_mod_Alert_v2@LifeInDreamsWorld.ex5,.ex5,unclassified,breakout,MQL5Activations,20847,https://t.me/MQL5Activations/20847
TWorld_SA V3.0.ex5,.ex5,unclassified,,MQL5Activations,20134,https://t.me/MQL5Activations/20134
UFX_Close_All.ex4,.ex4,unclassified,,MQL5Activations,19986,https://t.me/MQL5Activations/19986
ultimate-pro-scalper.ex4,.ex4,expert_ea,scalping,MQL5Activations,20987,https://t.me/MQL5Activations/20987
Ultimate-Trend-Signals-v2-@LifeInDreamsWorld.ex4,.ex4,indicator,trend_following,MQL5Activations,20691,https://t.me/MQL5Activations/20691
Ultitimate_Oscillator.mq4,.mq4,indicator,,MQL5Activations,18746,https://t.me/MQL5Activations/18746
Ultra Profit System for MT4 @indicatorsmt5mt4.zip,.zip,indicator,,MQL5Activations,20023,https://t.me/MQL5Activations/20023
Undefeated Triangle MT4 v2.7_fix.ex4,.ex4,unclassified,,MQL5Activations,19903,https://t.me/MQL5Activations/19903
Undisputed Ghost Robot V2.ex4,.ex4,expert_ea,,MQL5Activations,21014,https://t.me/MQL5Activations/21014
UniEMACrossover_v1.0 600+.mq4,.mq4,unclassified,,MQL5Activations,19086,https://t.me/MQL5Activations/19086
Universal EA 2.0.mq4,.mq4,expert_ea,,MQL5Activations,18692,https://t.me/MQL5Activations/18692
Universal EA.mq4,.mq4,expert_ea,,MQL5Activations,18693,https://t.me/MQL5Activations/18693
UniVolumeDelta_v1 600+.mq4,.mq4,unclassified,,MQL5Activations,19059,https://t.me/MQL5Activations/19059
UnNomGuaiV1.132.mq4,.mq4,unclassified,,MQL5Activations,18817,https://t.me/MQL5Activations/18817
UOPTraderIndicator1.mq4,.mq4,indicator,,MQL5Activations,19658,https://t.me/MQL5Activations/19658
Up Down EA.ex4,.ex4,expert_ea,,MQL5Activations,20891,https://t.me/MQL5Activations/20891
Up Down EA@LifeInDreamsWorld.ex4,.ex4,expert_ea,,MQL5Activations,20914,https://t.me/MQL5Activations/20914
Up_down.mq4,.mq4,unclassified,,MQL5Activations,18625,https://t.me/MQL5Activations/18625
urdala_news_investing.com.mq4,.mq4,unclassified,news,MQL5Activations,19635,https://t.me/MQL5Activations/19635
urdala_news_investing_com.mq4,.mq4,unclassified,news,MQL5Activations,19262,https://t.me/MQL5Activations/19262
us-dollar-index.mq4,.mq4,unclassified,,MQL5Activations,18827,https://t.me/MQL5Activations/18827
US30 Scalper EA MT4.ex4,.ex4,expert_ea,scalping,MQL5Activations,18458,https://t.me/MQL5Activations/18458
US30 Scalper EA MT4_1.4_fix by @LifeInDreamsWorld.zip,.zip,expert_ea,scalping,MQL5Activations,20656,https://t.me/MQL5Activations/20656
US30 Scalper EA MT4_1.4_fix by @SoftechFX_Robot.zip,.zip,expert_ea,scalping,MQL5Activations,20713,https://t.me/MQL5Activations/20713
US30 Scalper EA MT4_1.4_fix.ex4,.ex4,expert_ea,scalping,MQL5Activations,20177,https://t.me/MQL5Activations/20177
US30 Scalper EA MT4_V1.4_fix.ex4,.ex4,expert_ea,scalping,MQL5Activations,20130,https://t.me/MQL5Activations/20130
US30 Scalper EA_V1.3_fix_1420.ex4,.ex4,expert_ea,scalping,MQL5Activations,19934,https://t.me/MQL5Activations/19934
USDX.mq4,.mq4,unclassified,,MQL5Activations,19821,https://t.me/MQL5Activations/19821
UT Bot.mq4,.mq4,expert_ea,,MQL5Activations,19469,https://t.me/MQL5Activations/19469
V1 xAutomation.zip,.zip,unclassified,,MQL5Activations,20930,https://t.me/MQL5Activations/20930
V3 xAutomation.zip,.zip,unclassified,,MQL5Activations,21128,https://t.me/MQL5Activations/21128
V3.ex4,.ex4,unclassified,,MQL5Activations,20959,https://t.me/MQL5Activations/20959
Val_Bands-ATR-Close.mq4,.mq4,indicator,,MQL5Activations,18829,https://t.me/MQL5Activations/18829
Value Chart Premium MT4 indicator @indicatorsmt5mt4.zip,.zip,indicator,,MQL5Activations,20112,https://t.me/MQL5Activations/20112
Value Chart Premium.ex4,.ex4,unclassified,,MQL5Activations,20122,https://t.me/MQL5Activations/20122
ValueChart_v2.2 600+.mq4,.mq4,unclassified,,MQL5Activations,19119,https://t.me/MQL5Activations/19119
VantaFX EA (ORIGNAL).zip,.zip,expert_ea,,MQL5Activations,21043,https://t.me/MQL5Activations/21043
VANTAFX MT4 with sets.zip,.zip,unclassified,,MQL5Activations,21134,https://t.me/MQL5Activations/21134
VantaFX_EA@LifeInDreamsWorld.ex4,.ex4,unclassified,,MQL5Activations,21045,https://t.me/MQL5Activations/21045
VapzFX PRO MQ4.mq4,.mq4,unclassified,,MQL5Activations,19318,https://t.me/MQL5Activations/19318
VarMovAvg Indicator for MT5 indicator @indicatorsmt5mt4.zip,.zip,indicator,,MQL5Activations,20136,https://t.me/MQL5Activations/20136
velocity + ma + bands.mq4,.mq4,indicator,trend_following,MQL5Activations,18629,https://t.me/MQL5Activations/18629
vertex mod 3.04 alerts arrows lines mtf.mq4,.mq4,indicator,,MQL5Activations,19463,https://t.me/MQL5Activations/19463
Vertex mtf alerts nmc 600+.mq4,.mq4,unclassified,,MQL5Activations,18885,https://t.me/MQL5Activations/18885
vertex_mod_3.01 alerts + arrows.mq4,.mq4,indicator,,MQL5Activations,19832,https://t.me/MQL5Activations/19832
vertex_mod_3.01 alerts9arrows2mtf.mq4,.mq4,indicator,,MQL5Activations,19823,https://t.me/MQL5Activations/19823
vertex_mod_3.01_alerts__arrows@LifeInDreamsWorld.mq4,.mq4,indicator,,MQL5Activations,21171,https://t.me/MQL5Activations/21171
vertical-line.mq4,.mq4,unclassified,,MQL5Activations,19468,https://t.me/MQL5Activations/19468
VFX_London_Breakout.mq4,.mq4,unclassified,breakout,MQL5Activations,19313,https://t.me/MQL5Activations/19313
vi0.mq4,.mq4,unclassified,,MQL5Activations,19403,https://t.me/MQL5Activations/19403
Vic3MA Ariston.ex4,.ex4,unclassified,trend_following,MQL5Activations,20059,https://t.me/MQL5Activations/20059
Vic3MA-Sam-V2.ex4,.ex4,unclassified,,MQL5Activations,20064,https://t.me/MQL5Activations/20064
Vic3MA-SamV2.ex5,.ex5,unclassified,,MQL5Activations,20063,https://t.me/MQL5Activations/20063
VicDwiangular5-TimeFilter.ex5,.ex5,unclassified,,MQL5Activations,20731,https://t.me/MQL5Activations/20731
Victory EA MT4.ex4,.ex4,expert_ea,,MQL5Activations,20039,https://t.me/MQL5Activations/20039
VIPER SIGNALS SWINGS HANDELSYSTEM.zip,.zip,indicator,,MQL5Activations,20752,https://t.me/MQL5Activations/20752
Vision Scalper v5.5_fix_1420.ex4,.ex4,expert_ea,scalping,MQL5Activations,19956,https://t.me/MQL5Activations/19956
VL_1715.mq4,.mq4,unclassified,,MQL5Activations,19606,https://t.me/MQL5Activations/19606
volatile_action.mq4,.mq4,unclassified,,MQL5Activations,19310,https://t.me/MQL5Activations/19310
volatility-indicator-2.mq4,.mq4,indicator,,MQL5Activations,19034,https://t.me/MQL5Activations/19034
volna.mq4,.mq4,unclassified,,MQL5Activations,19576,https://t.me/MQL5Activations/19576
Volty Channel Stop mtf.mq4,.mq4,indicator,,MQL5Activations,19824,https://t.me/MQL5Activations/19824
VoltyCloudSystem_v1.3ea 600+.mq4,.mq4,expert_ea,,MQL5Activations,18920,https://t.me/MQL5Activations/18920
VOLUME SWINGS & SR LEVELS.mq4,.mq4,unclassified,,MQL5Activations,19434,https://t.me/MQL5Activations/19434
volume_arrow.mq4,.mq4,indicator,,MQL5Activations,19234,https://t.me/MQL5Activations/19234
Volume_UP.mq4,.mq4,unclassified,,MQL5Activations,19456,https://t.me/MQL5Activations/19456
VolumeAndVolatility update.mq4,.mq4,unclassified,mean_reversion,MQL5Activations,19706,https://t.me/MQL5Activations/19706
VolumeByLastDay.mq4,.mq4,unclassified,,MQL5Activations,19461,https://t.me/MQL5Activations/19461
Volumen System Confirmation V1 for MT4.zip,.zip,unclassified,,MQL5Activations,20753,https://t.me/MQL5Activations/20753
VolumeTrend_.mq4,.mq4,indicator,trend_following,MQL5Activations,19142,https://t.me/MQL5Activations/19142
Vortex Ultimate.zip,.zip,unclassified,,MQL5Activations,20862,https://t.me/MQL5Activations/20862
vp-range-v6.mq4,.mq4,unclassified,breakout,MQL5Activations,19648,https://t.me/MQL5Activations/19648
VP-v6.mq4,.mq4,unclassified,,MQL5Activations,19752,https://t.me/MQL5Activations/19752
VPFx.mq4,.mq4,unclassified,,MQL5Activations,19073,https://t.me/MQL5Activations/19073
vq-nrparrows_buff.mq4,.mq4,indicator,,MQL5Activations,19471,https://t.me/MQL5Activations/19471
VQ_EA.mq4,.mq4,unclassified,,MQL5Activations,19314,https://t.me/MQL5Activations/19314
VS FRACTAL MTF.mq4,.mq4,unclassified,,MQL5Activations,18994,https://t.me/MQL5Activations/18994
VS_ChanelTrend_V1.0.mq4,.mq4,indicator,trend_following,MQL5Activations,19876,https://t.me/MQL5Activations/19876
VS_ChannelTrend_V1.0.mq4,.mq4,indicator,trend_following,MQL5Activations,18702,https://t.me/MQL5Activations/18702
VSA MA3X MURREYMATH with CHANNEL.mq4,.mq4,indicator,,MQL5Activations,19021,https://t.me/MQL5Activations/19021
VSA Signals v1.mq4,.mq4,indicator,,MQL5Activations,18808,https://t.me/MQL5Activations/18808
VWAP Bands alerts.mq4,.mq4,indicator,,MQL5Activations,18967,https://t.me/MQL5Activations/18967
VWAP Bands.mq4,.mq4,indicator,,MQL5Activations,19625,https://t.me/MQL5Activations/19625
VWAP_Classic.mq4,.mq4,unclassified,,MQL5Activations,19634,https://t.me/MQL5Activations/19634
VWMA+CG 4C AA MTF TT.mq4,.mq4,unclassified,,MQL5Activations,18513,https://t.me/MQL5Activations/18513
VXFamily MT5@LifeInDreamsWorld.zip,.zip,unclassified,,MQL5Activations,21076,https://t.me/MQL5Activations/21076
VXFamily v8.09.1.ex5,.ex5,unclassified,,MQL5Activations,20866,https://t.me/MQL5Activations/20866
Waddah Attar Def RSI 1.2 MTF+Alerts.mq4,.mq4,indicator,,MQL5Activations,19061,https://t.me/MQL5Activations/19061
Waddah_Attar_RSI_Level.mq4,.mq4,indicator,,MQL5Activations,19700,https://t.me/MQL5Activations/19700
Waka Waka EA MQ4.ex4,.ex4,expert_ea,,MQL5Activations,19350,https://t.me/MQL5Activations/19350
Waka Waka EA MQ4.mq4,.mq4,expert_ea,,MQL5Activations,19334,https://t.me/MQL5Activations/19334
Waka Waka EA V4.37 No DLL.ex4,.ex4,expert_ea,,MQL5Activations,18405,https://t.me/MQL5Activations/18405
Waka Waka EA V4.43_fix_1420.ex4,.ex4,expert_ea,,MQL5Activations,21026,https://t.me/MQL5Activations/21026
WAKANDA INTERPRISE BTC.ex4,.ex4,unclassified,,MQL5Activations,21056,https://t.me/MQL5Activations/21056
WALL STREET INDICATOR.ex4,.ex4,indicator,,MQL5Activations,18456,https://t.me/MQL5Activations/18456
Wall Street Scalper MT4_fix.ex4,.ex4,expert_ea,scalping,MQL5Activations,20191,https://t.me/MQL5Activations/20191
WallStreetScalperMT4_2.2@free_fx_pro.ex4,.ex4,expert_ea,scalping,MQL5Activations,20085,https://t.me/MQL5Activations/20085
wasak2.ex4,.ex4,unclassified,,MQL5Activations,21125,https://t.me/MQL5Activations/21125
WATL-Open Source.mq4,.mq4,unclassified,,MQL5Activations,19010,https://t.me/MQL5Activations/19010
WAWES Signal 600 x5 TT.mq4,.mq4,indicator,,MQL5Activations,18868,https://t.me/MQL5Activations/18868
WAWES Signal.mq4,.mq4,indicator,,MQL5Activations,18756,https://t.me/MQL5Activations/18756
Way To Stars MT4_fix.ex4,.ex4,unclassified,,MQL5Activations,20034,https://t.me/MQL5Activations/20034
wedges.mq4,.mq4,unclassified,,MQL5Activations,18615,https://t.me/MQL5Activations/18615
WeisWave3TD.mq4,.mq4,unclassified,,MQL5Activations,19117,https://t.me/MQL5Activations/19117
WelchBBWidth.mq4,.mq4,unclassified,,MQL5Activations,18628,https://t.me/MQL5Activations/18628
Western Pips 7 V260 with Presets@LifeInDreamsWorld.zip,.zip,unclassified,,MQL5Activations,21088,https://t.me/MQL5Activations/21088
WHITE BINARY V2 MT4 System .zip,.zip,unclassified,,MQL5Activations,20840,https://t.me/MQL5Activations/20840
WHITE BINARY V2 MT4 System @indicatorsmt5mt4.zip,.zip,indicator,,MQL5Activations,20839,https://t.me/MQL5Activations/20839
WHITE BINARY V2 MT4 System.zip,.zip,unclassified,,MQL5Activations,20837,https://t.me/MQL5Activations/20837
White Hat FX V2.0_fix1420.ex4,.ex4,unclassified,,MQL5Activations,19892,https://t.me/MQL5Activations/19892
WI BTC KILLER PRO ©.ex4,.ex4,unclassified,,MQL5Activations,21057,https://t.me/MQL5Activations/21057
Wilders trailing stop MTF.mq4,.mq4,unclassified,,MQL5Activations,18627,https://t.me/MQL5Activations/18627
Wildhog NRP Divergence.mq4,.mq4,indicator,,MQL5Activations,19039,https://t.me/MQL5Activations/19039
wildhog-indicator.mq4,.mq4,indicator,,MQL5Activations,19030,https://t.me/MQL5Activations/19030
Williams BlastOff 2.0.mq4,.mq4,unclassified,,MQL5Activations,19810,https://t.me/MQL5Activations/19810
Wilson-Arrow_TheBeast-Indicator-V3.mq4,.mq4,indicator,,MQL5Activations,19155,https://t.me/MQL5Activations/19155
winscalper 2020.mq4,.mq4,expert_ea,scalping,MQL5Activations,19195,https://t.me/MQL5Activations/19195
wiPostzigzagv2Close MT4 indicator @indicatorsmt5mt4.zip,.zip,indicator,,MQL5Activations,20758,https://t.me/MQL5Activations/20758
wiPostzigzagv2Close@LifeInDreamsWorld.mq4,.mq4,indicator,,MQL5Activations,20629,https://t.me/MQL5Activations/20629
WMA crosspver signal.mq4,.mq4,indicator,trend_following,MQL5Activations,18536,https://t.me/MQL5Activations/18536
WmiFor.mq4,.mq4,unclassified,,MQL5Activations,18983,https://t.me/MQL5Activations/18983
WmiFor30_v1.mq4,.mq4,unclassified,,MQL5Activations,18979,https://t.me/MQL5Activations/18979
WOLF_FOREX_SIGNAL_EA @LifeInDreamsWorld.mq4,.mq4,expert_ea,,MQL5Activations,20696,https://t.me/MQL5Activations/20696
WOLF_FOREX_SIGNAL_EA@LifeInDreamsWorld.mq4,.mq4,indicator,,MQL5Activations,20697,https://t.me/MQL5Activations/20697
Wolfe Wave 3.mq4,.mq4,unclassified,,MQL5Activations,19065,https://t.me/MQL5Activations/19065
Wolfewaves.mq4,.mq4,unclassified,,MQL5Activations,18476,https://t.me/MQL5Activations/18476
WolfWavesFind_cracked.mq4,.mq4,unclassified,,MQL5Activations,19689,https://t.me/MQL5Activations/19689
WP7- crack 2025.zip,.zip,unclassified,,MQL5Activations,21072,https://t.me/MQL5Activations/21072
WPR +3 MA +ADX AA MTF AG+TT.mq4,.mq4,unclassified,trend_following,MQL5Activations,19727,https://t.me/MQL5Activations/19727
WPR EA NEW UPDATE.ex4,.ex4,expert_ea,,MQL5Activations,21119,https://t.me/MQL5Activations/21119
WPR OBOS (alerts) BT.mq4,.mq4,unclassified,,MQL5Activations,19566,https://t.me/MQL5Activations/19566
WPR T3 alerts divergence.mq4,.mq4,indicator,,MQL5Activations,19564,https://t.me/MQL5Activations/19564
WPR_EA.mq4,.mq4,unclassified,,MQL5Activations,19089,https://t.me/MQL5Activations/19089
wpr_k_bands_fixed.mq4,.mq4,indicator,,MQL5Activations,19071,https://t.me/MQL5Activations/19071
WPRSI_signal_V.2(SoundAlarm).mq4,.mq4,indicator,,MQL5Activations,19152,https://t.me/MQL5Activations/19152
WRR_ZUP_INFO_v02.mq4,.mq4,unclassified,,MQL5Activations,18477,https://t.me/MQL5Activations/18477
wso-wrf-mtf-indicator.mq4,.mq4,indicator,,MQL5Activations,19423,https://t.me/MQL5Activations/19423
WUKAR_WB_Trail_v1_2.mq4,.mq4,unclassified,,MQL5Activations,18945,https://t.me/MQL5Activations/18945
X-DAILY TARGETS [tirion].mq4,.mq4,unclassified,,MQL5Activations,19020,https://t.me/MQL5Activations/19020
X_profile.mq4,.mq4,unclassified,,MQL5Activations,18748,https://t.me/MQL5Activations/18748
XAU-iNDEX.mq4,.mq4,unclassified,,MQL5Activations,19365,https://t.me/MQL5Activations/19365
XAUUSD M5 SUPER SCALPER ROBOT for MT4_fix_fix.ex4,.ex4,expert_ea,scalping,MQL5Activations,19904,https://t.me/MQL5Activations/19904
XAUUSD M5 SUPER SCALPER@LifeInDreamsWorld.mq4,.mq4,expert_ea,scalping,MQL5Activations,20954,https://t.me/MQL5Activations/20954
xBest V3.47 EA.mq4,.mq4,expert_ea,,MQL5Activations,19245,https://t.me/MQL5Activations/19245
XCODE_MOD.mq4,.mq4,unclassified,,MQL5Activations,18780,https://t.me/MQL5Activations/18780
Xcool.mq4,.mq4,unclassified,,MQL5Activations,19055,https://t.me/MQL5Activations/19055
XecutFX.ex4,.ex4,unclassified,,MQL5Activations,20991,https://t.me/MQL5Activations/20991
XIT_FIBS.mq4,.mq4,indicator,,MQL5Activations,19082,https://t.me/MQL5Activations/19082
XMT Scalper EA v3.0.ex4,.ex4,expert_ea,scalping,MQL5Activations,18448,https://t.me/MQL5Activations/18448
XMT-Scalper_v2.522.mq4,.mq4,expert_ea,scalping,MQL5Activations,19185,https://t.me/MQL5Activations/19185
XO-mtf & alerts.forexprofitway.com.ex4,.ex4,unclassified,,MQL5Activations,19488,https://t.me/MQL5Activations/19488
XO-mtf & alerts.forexprofitway.com.mq4,.mq4,unclassified,,MQL5Activations,19485,https://t.me/MQL5Activations/19485
XO.mq4,.mq4,unclassified,,MQL5Activations,18525,https://t.me/MQL5Activations/18525
XOs ATR AA8 MTF TT.mq4,.mq4,unclassified,,MQL5Activations,19224,https://t.me/MQL5Activations/19224
XPERT (3) (2).mq4,.mq4,unclassified,,MQL5Activations,19353,https://t.me/MQL5Activations/19353
XPERT(3) (2).mq4,.mq4,unclassified,,MQL5Activations,19588,https://t.me/MQL5Activations/19588
xpma tt.mq4,.mq4,unclassified,trend_following,MQL5Activations,19562,https://t.me/MQL5Activations/19562
XQ Indicator MetaTrader 4_fix.ex4,.ex4,indicator,,MQL5Activations,20036,https://t.me/MQL5Activations/20036
XQ Indicator MT4 build 1420+.zip,.zip,indicator,,MQL5Activations,20028,https://t.me/MQL5Activations/20028
XQ_Indicator_MetaTrader_4_fix_MT4_indicator_@indicatorsmt5mt4.zip,.zip,indicator,,MQL5Activations,20118,https://t.me/MQL5Activations/20118
XU-ADR D1 button 1.01.mq4,.mq4,panel_dashboard,,MQL5Activations,19853,https://t.me/MQL5Activations/19853
XU-MA Candles button.mq4,.mq4,panel_dashboard,trend_following,MQL5Activations,19854,https://t.me/MQL5Activations/19854
XU-MA S1MA button.mq4,.mq4,panel_dashboard,trend_following,MQL5Activations,19855,https://t.me/MQL5Activations/19855
XU-MA T1MA button.mq4,.mq4,panel_dashboard,trend_following,MQL5Activations,19848,https://t.me/MQL5Activations/19848
XU-MA Zones button.mq4,.mq4,panel_dashboard,trend_following,MQL5Activations,19856,https://t.me/MQL5Activations/19856
XU-SEMAFOR button.mq4,.mq4,panel_dashboard,,MQL5Activations,19857,https://t.me/MQL5Activations/19857
XU-VWAP button (1).mq4,.mq4,panel_dashboard,,MQL5Activations,19859,https://t.me/MQL5Activations/19859
XU-ZIGZAG button.mq4,.mq4,indicator,,MQL5Activations,19858,https://t.me/MQL5Activations/19858
YELLOW STONE LEVELS.mq4,.mq4,unclassified,,MQL5Activations,19470,https://t.me/MQL5Activations/19470
Yetti Classic v3.03 MT4.zip,.zip,unclassified,,MQL5Activations,18909,https://t.me/MQL5Activations/18909
Yetti Pro EA.zip,.zip,expert_ea,,MQL5Activations,20836,https://t.me/MQL5Activations/20836
Yetti Pro_fix.ex4,.ex4,unclassified,,MQL5Activations,20835,https://t.me/MQL5Activations/20835
Yetti Pro_fix@LifeInDreamsWorld.ex4,.ex4,unclassified,,MQL5Activations,20844,https://t.me/MQL5Activations/20844
Yetti Pro_fix_1420.ex4,.ex4,unclassified,,MQL5Activations,19977,https://t.me/MQL5Activations/19977
Yetti_fix.ex4,.ex4,unclassified,,MQL5Activations,20831,https://t.me/MQL5Activations/20831
Yoda Hill 3.ex4,.ex4,unclassified,,MQL5Activations,19723,https://t.me/MQL5Activations/19723
ZAFIRO EA - MFF - ENGLISH - FRANKEASDEVELOPER.mq4,.mq4,expert_ea,,MQL5Activations,19352,https://t.me/MQL5Activations/19352
ZAFIRO PRO_fix_fix.ex4,.ex4,unclassified,,MQL5Activations,18428,https://t.me/MQL5Activations/18428
Zamer_ price_v1.mq4,.mq4,unclassified,,MQL5Activations,18872,https://t.me/MQL5Activations/18872
ZENITHBOT MT5@LifeInDreamsWorld.zip,.zip,expert_ea,,MQL5Activations,21142,https://t.me/MQL5Activations/21142
ZENITHBOT V2.013@LifeInDreamsWorld.ex5,.ex5,expert_ea,,MQL5Activations,20955,https://t.me/MQL5Activations/20955
Zero.mq4,.mq4,unclassified,,MQL5Activations,18684,https://t.me/MQL5Activations/18684
Zero_lag_Hull_moving_average_alerts_MT4_indicator_@indicatorsmt5mt4.zip,.zip,indicator,,MQL5Activations,20015,https://t.me/MQL5Activations/20015
ZeroLag Hull variation ahtf (2).mq4,.mq4,unclassified,,MQL5Activations,18986,https://t.me/MQL5Activations/18986
ZeroLag Stoch arrows alerts zone.mq4,.mq4,indicator,,MQL5Activations,19672,https://t.me/MQL5Activations/19672
ZeroLag_Stochs_true.mq4,.mq4,unclassified,,MQL5Activations,19522,https://t.me/MQL5Activations/19522
ZeroLagEA-AIP_v0_0_4.mq4,.mq4,unclassified,,MQL5Activations,19307,https://t.me/MQL5Activations/19307
Zeus Gold Hedge V1.2_fix_1420.ex4,.ex4,unclassified,grid,MQL5Activations,19906,https://t.me/MQL5Activations/19906
Zeus.mq4,.mq4,unclassified,,MQL5Activations,19559,https://t.me/MQL5Activations/19559
Zig Zag_noreplay v1.mq4,.mq4,unclassified,,MQL5Activations,19717,https://t.me/MQL5Activations/19717
Zig_dan_Zag_Danu_Ultimate_Investment_Long_Term.mq4,.mq4,unclassified,,MQL5Activations,19312,https://t.me/MQL5Activations/19312
ZigAndZag_trader.mq4,.mq4,unclassified,,MQL5Activations,19309,https://t.me/MQL5Activations/19309
ZigZag Arrow.mq4,.mq4,indicator,,MQL5Activations,19713,https://t.me/MQL5Activations/19713
ZigZag Corrected Fibo@LifeInDreamsWorld.mq4,.mq4,indicator,,MQL5Activations,20945,https://t.me/MQL5Activations/20945
ZigZag-Pips-Bars-Number-Indicator.mq4,.mq4,indicator,,MQL5Activations,19486,https://t.me/MQL5Activations/19486
ZigZag.mq4,.mq4,indicator,,MQL5Activations,19597,https://t.me/MQL5Activations/19597
ZigZag_HH_HL_LH_LL_Indicator_MT4_indicator_@indicatorsmt5mt4.zip,.zip,indicator,,MQL5Activations,20116,https://t.me/MQL5Activations/20116
ZigZag_Larsen_out & alerts.mq4,.mq4,indicator,,MQL5Activations,19710,https://t.me/MQL5Activations/19710
zigzagtriad-mtf+alerts 2.ex4,.ex4,indicator,,MQL5Activations,20146,https://t.me/MQL5Activations/20146
ZMFX_Forex_Trend_v3.mq4,.mq4,indicator,trend_following,MQL5Activations,18616,https://t.me/MQL5Activations/18616
ZONE RECOVERY AREA.mq4,.mq4,unclassified,,MQL5Activations,19311,https://t.me/MQL5Activations/19311
ZoneSR MT4 indicator @indicatorsmt5mt4.zip,.zip,indicator,,MQL5Activations,20024,https://t.me/MQL5Activations/20024
ZScore Diff 3 pairs EA_011.mq4,.mq4,expert_ea,,MQL5Activations,18716,https://t.me/MQL5Activations/18716
ZUP_v135_ALL.mq4,.mq4,unclassified,,MQL5Activations,18516,https://t.me/MQL5Activations/18516
ZUP_v14.mq4,.mq4,unclassified,,MQL5Activations,18480,https://t.me/MQL5Activations/18480
ZUP_v82.mq4,.mq4,unclassified,,MQL5Activations,18498,https://t.me/MQL5Activations/18498
ZUPp148 new alert1.mq4,.mq4,unclassified,,MQL5Activations,18517,https://t.me/MQL5Activations/18517
ZUPp148.mq4,.mq4,unclassified,,MQL5Activations,18729,https://t.me/MQL5Activations/18729
zupp_148 (1).mq4,.mq4,unclassified,,MQL5Activations,19174,https://t.me/MQL5Activations/19174
ZUPp_148.mq4,.mq4,unclassified,,MQL5Activations,19023,https://t.me/MQL5Activations/19023
ZUPpush notif_148 v7.mq4,.mq4,unclassified,,MQL5Activations,18714,https://t.me/MQL5Activations/18714
ZWINNER_TREND_INDICATOR-.mq4,.mq4,indicator,trend_following,MQL5Activations,19743,https://t.me/MQL5Activations/19743
ZZ NRP AA TT [x3].mq4,.mq4,unclassified,,MQL5Activations,19720,https://t.me/MQL5Activations/19720
ZZ NRP AA TT Trump [x3].mq4,.mq4,unclassified,,MQL5Activations,19715,https://t.me/MQL5Activations/19715
ZZ NRP TR HA AA LB TT [x3] sw.mq4,.mq4,unclassified,,MQL5Activations,19366,https://t.me/MQL5Activations/19366
ZZ-Trend_Candles (alerts) BT.ex4,.ex4,indicator,trend_following,MQL5Activations,20147,https://t.me/MQL5Activations/20147
ZZ-Trend_DB BT.ex4,.ex4,indicator,trend_following,MQL5Activations,20148,https://t.me/MQL5Activations/20148
zz_fibo_generator.mq4,.mq4,indicator,,MQL5Activations,19196,https://t.me/MQL5Activations/19196
ZZ_L.mq4,.mq4,unclassified,,MQL5Activations,19716,https://t.me/MQL5Activations/19716
Болван-pinbar.mq4,.mq4,unclassified,,MQL5Activations,19066,https://t.me/MQL5Activations/19066
д1.mq4,.mq4,unclassified,,MQL5Activations,19674,https://t.me/MQL5Activations/19674
демаркет конструктор .mq4,.mq4,unclassified,,MQL5Activations,19661,https://t.me/MQL5Activations/19661
Для Владимира.mq4,.mq4,unclassified,,MQL5Activations,19697,https://t.me/MQL5Activations/19697
для фаик фаик).mq4,.mq4,unclassified,,MQL5Activations,19718,https://t.me/MQL5Activations/19718
Закрыть все ордера.mq4,.mq4,unclassified,,MQL5Activations,19870,https://t.me/MQL5Activations/19870
Инд.mq4,.mq4,unclassified,,MQL5Activations,19408,https://t.me/MQL5Activations/19408
колос.mq4,.mq4,unclassified,,MQL5Activations,19666,https://t.me/MQL5Activations/19666
Конструктор.mq4,.mq4,unclassified,,MQL5Activations,19479,https://t.me/MQL5Activations/19479
много.mq4,.mq4,unclassified,,MQL5Activations,19842,https://t.me/MQL5Activations/19842
Не_рисующий_канал.mq4,.mq4,unclassified,,MQL5Activations,19738,https://t.me/MQL5Activations/19738
Позиции.mq4,.mq4,unclassified,,MQL5Activations,19445,https://t.me/MQL5Activations/19445
Преобразователь текст в стрелу1.0.mq4,.mq4,unclassified,,MQL5Activations,19819,https://t.me/MQL5Activations/19819
СТРАТЕЖКА от @Степана Stat.mq4,.mq4,unclassified,,MQL5Activations,19540,https://t.me/MQL5Activations/19540
СТРАТЕЖКА от @Степана.mq4,.mq4,unclassified,,MQL5Activations,19541,https://t.me/MQL5Activations/19541
Фаик Грааль.mq4,.mq4,unclassified,,MQL5Activations,19609,https://t.me/MQL5Activations/19609
ФаикФаик.mq4,.mq4,unclassified,,MQL5Activations,19722,https://t.me/MQL5Activations/19722
上帝之手EA.zip,.zip,unclassified,,MQL5Activations,20128,https://t.me/MQL5Activations/20128
刷单王EA-无限制.ex4,.ex4,unclassified,,MQL5Activations,20030,https://t.me/MQL5Activations/20030
极品双向EA @SoftechFX_Robot.ex4.zip,.zip,expert_ea,,MQL5Activations,20184,https://t.me/MQL5Activations/20184
极品双向EA.ex4,.ex4,unclassified,,MQL5Activations,20183,https://t.me/MQL5Activations/20183
高頻刷單EA.ex4,.ex4,unclassified,,MQL5Activations,20182,https://t.me/MQL5Activations/20182
